437,4,2024-09-02,2,2024-12-23,2024-05-06 11:57:08.534+07,2024-05-06 11:57:08.534+07,55,54,15,1,,
440,6,2024-09-02,2,2024-12-23,2024-05-06 11:57:08.534+07,2024-05-06 11:57:08.534+07,2,1,12,1,,
441,6,2024-09-02,2,2024-12-23,2024-05-06 11:57:08.534+07,2024-05-06 11:57:08.534+07,94,1,12,1,,
442,1,2024-09-03,1,2024-12-24,2024-05-06 11:57:08.534+07,2024-05-06 11:57:08.534+07,94,58,17,1,,
443,1,2024-09-03,1,2024-12-24,2024-05-06 11:57:08.534+07,2024-05-06 11:57:08.534+07,99,58,17,1,,
444,2,2024-09-03,1,2024-12-24,2024-05-06 11:57:08.534+07,2024-05-06 11:57:08.534+07,94,58,16,1,,
14,5,2024-02-27,2,2024-03-19,2024-05-06 11:57:08.534+07,2024-05-06 11:57:08.534+07,33,47,25,2,,
15,5,2024-02-27,2,2024-03-19,2024-05-06 11:57:08.534+07,2024-05-06 11:57:08.534+07,95,47,25,2,,
16,5,2024-02-27,2,2024-03-19,2024-05-06 11:57:08.534+07,2024-05-06 11:57:08.534+07,33,47,26,2,,
5,5,2024-02-05,1,2024-06-03,2024-05-06 11:57:08.534+07,2024-05-06 11:57:08.534+07,33,26,20,2,,
17,5,2024-02-27,2,2024-03-19,2024-05-06 11:57:08.534+07,2024-05-06 11:57:08.534+07,95,47,26,2,,
26,7,2024-02-20,2,2024-02-20,2024-05-06 11:57:08.534+07,2024-05-06 11:57:08.534+07,33,47,25,2,,
27,7,2024-02-20,2,2024-02-20,2024-05-06 11:57:08.534+07,2024-05-06 11:57:08.534+07,95,47,25,2,,
28,7,2024-02-20,2,2024-02-20,2024-05-06 11:57:08.534+07,2024-05-06 11:57:08.534+07,33,47,26,2,,
29,7,2024-02-20,2,2024-02-20,2024-05-06 11:57:08.534+07,2024-05-06 11:57:08.534+07,95,47,26,2,,
22,6,2024-02-06,2,2024-03-19,2024-05-06 11:57:08.534+07,2024-05-06 11:57:08.534+07,33,47,25,2,,
23,6,2024-02-06,2,2024-03-19,2024-05-06 11:57:08.534+07,2024-05-06 11:57:08.534+07,95,47,25,2,,
24,6,2024-02-06,2,2024-03-19,2024-05-06 11:57:08.534+07,2024-05-06 11:57:08.534+07,33,47,26,2,,
25,6,2024-02-06,2,2024-03-19,2024-05-06 11:57:08.534+07,2024-05-06 11:57:08.534+07,95,47,26,2,,
65,6,2024-04-05,2,2024-05-31,2024-05-06 11:57:08.534+07,2024-05-06 11:57:08.534+07,46,88,30,2,,
2,3,2024-02-05,1,2024-06-03,2024-05-06 11:57:08.534+07,2024-05-06 11:57:08.534+07,118,9,5,2,,
445,2,2024-09-03,1,2024-12-24,2024-05-06 11:57:08.534+07,2024-05-06 11:57:08.534+07,99,58,16,1,,
446,4,2024-09-03,2,2024-12-24,2024-05-06 11:57:08.534+07,2024-05-06 11:57:08.534+07,2,1,10,1,,
447,4,2024-09-03,2,2024-12-24,2024-05-06 11:57:08.534+07,2024-05-06 11:57:08.534+07,94,1,10,1,,
448,5,2024-09-03,2,2024-12-24,2024-05-06 11:57:08.534+07,2024-05-06 11:57:08.534+07,2,1,11,1,,
449,5,2024-09-03,2,2024-12-24,2024-05-06 11:57:08.534+07,2024-05-06 11:57:08.534+07,94,1,11,1,,
450,1,2024-09-04,1,2024-12-25,2024-05-06 11:57:08.534+07,2024-05-06 11:57:08.534+07,94,58,18,1,,
451,1,2024-09-04,1,2024-12-25,2024-05-06 11:57:08.534+07,2024-05-06 11:57:08.534+07,99,58,18,1,,
452,2,2024-09-04,1,2024-12-25,2024-05-06 11:57:08.534+07,2024-05-06 11:57:08.534+07,94,58,19,1,,
453,2,2024-09-04,1,2024-12-25,2024-05-06 11:57:08.534+07,2024-05-06 11:57:08.534+07,99,58,19,1,,
454,3,2024-09-11,2,2024-12-18,2024-05-06 11:57:08.534+07,2024-05-06 11:57:08.534+07,26,27,19,1,,
455,4,2024-09-11,2,2024-12-18,2024-05-06 11:57:08.534+07,2024-05-06 11:57:08.534+07,26,27,21,1,,
456,5,2024-09-11,2,2024-12-18,2024-05-06 11:57:08.534+07,2024-05-06 11:57:08.534+07,26,27,20,1,,
457,3,2024-09-04,2,2024-12-25,2024-05-06 11:57:08.534+07,2024-05-06 11:57:08.534+07,60,52,17,1,,
458,1,2024-09-12,2,2024-12-19,2024-05-06 11:57:08.534+07,2024-05-06 11:57:08.534+07,2,105,31,1,,
459,2,2024-09-12,2,2024-12-19,2024-05-06 11:57:08.534+07,2024-05-06 11:57:08.534+07,2,105,31,1,,
460,4,2024-09-12,2,2024-10-24,2024-05-06 11:57:08.534+07,2024-05-06 11:57:08.534+07,60,52,16,1,,
461,1,2024-09-05,2,2024-12-26,2024-05-06 11:57:08.534+07,2024-05-06 11:57:08.534+07,4,104,31,1,,
462,2,2024-09-05,2,2024-12-26,2024-05-06 11:57:08.534+07,2024-05-06 11:57:08.534+07,4,104,31,1,,
463,4,2024-09-05,2,2024-12-26,2024-05-06 11:57:08.534+07,2024-05-06 11:57:08.534+07,31,37,12,1,,
464,5,2024-09-05,2,2024-12-26,2024-05-06 11:57:08.534+07,2024-05-06 11:57:08.534+07,31,37,15,1,,
465,2,2024-09-06,2,2024-12-27,2024-05-06 11:57:08.534+07,2024-05-06 11:57:08.534+07,3,2,43,1,,
466,3,2024-09-06,2,2024-12-27,2024-05-06 11:57:08.534+07,2024-05-06 11:57:08.534+07,3,2,42,1,,
467,2,2024-09-14,2,2024-12-21,2024-05-06 11:57:08.534+07,2024-05-06 11:57:08.534+07,3,2,42,1,,
468,3,2024-09-14,2,2024-12-21,2024-05-06 11:57:08.534+07,2024-05-06 11:57:08.534+07,3,2,43,1,,
8,6,2024-02-05,1,2024-06-03,2024-05-06 11:57:08.534+07,2024-05-06 11:57:08.534+07,33,26,19,2,,
9,6,2024-02-05,1,2024-06-03,2024-05-06 11:57:08.534+07,2024-05-06 11:57:08.534+07,33,26,21,2,,
10,6,2024-02-05,1,2024-06-03,2024-05-06 11:57:08.534+07,2024-05-06 11:57:08.534+07,61,26,19,2,,
11,6,2024-02-05,1,2024-06-03,2024-05-06 11:57:08.534+07,2024-05-06 11:57:08.534+07,61,26,21,2,,
12,2,2024-02-06,1,2024-06-04,2024-05-06 11:57:08.534+07,2024-05-06 11:57:08.534+07,3,2,1,2,,
13,3,2024-02-27,2,2024-03-19,2024-05-06 11:57:08.534+07,2024-05-06 11:57:08.534+07,26,30,24,2,,
687,2,2025-02-10,2,2025-06-16,2025-02-26 11:00:09.124+07,2025-02-26 11:00:09.124+07,2,1,8,1,Весенний,2025
44,5,2024-02-16,2,2024-03-29,2024-05-06 11:57:08.534+07,2024-05-06 11:57:08.534+07,16,88,28,2,,
45,5,2024-02-16,2,2024-03-29,2024-05-06 11:57:08.534+07,2024-05-06 11:57:08.534+07,46,88,28,2,,
46,5,2024-02-16,2,2024-03-29,2024-05-06 11:57:08.534+07,2024-05-06 11:57:08.534+07,16,88,29,2,,
47,5,2024-02-16,2,2024-03-29,2024-05-06 11:57:08.534+07,2024-05-06 11:57:08.534+07,46,88,29,2,,
48,5,2024-02-16,2,2024-03-29,2024-05-06 11:57:08.534+07,2024-05-06 11:57:08.534+07,16,88,30,2,,
49,5,2024-02-16,2,2024-03-29,2024-05-06 11:57:08.534+07,2024-05-06 11:57:08.534+07,46,88,30,2,,
50,2,2024-02-09,2,2024-03-05,2024-05-06 11:57:08.534+07,2024-05-06 11:57:08.534+07,23,67,22,2,,
51,2,2024-02-09,2,2024-03-05,2024-05-06 11:57:08.534+07,2024-05-06 11:57:08.534+07,125,67,22,2,,
52,2,2024-02-09,2,2024-03-05,2024-05-06 11:57:08.534+07,2024-05-06 11:57:08.534+07,23,67,23,2,,
53,2,2024-02-09,2,2024-03-05,2024-05-06 11:57:08.534+07,2024-05-06 11:57:08.534+07,125,67,23,2,,
54,3,2024-03-22,2,2024-03-05,2024-05-06 11:57:08.534+07,2024-05-06 11:57:08.534+07,23,67,22,2,,
55,3,2024-03-22,2,2024-03-05,2024-05-06 11:57:08.534+07,2024-05-06 11:57:08.534+07,125,67,22,2,,
56,3,2024-03-22,2,2024-03-05,2024-05-06 11:57:08.534+07,2024-05-06 11:57:08.534+07,23,67,23,2,,
57,3,2024-03-22,2,2024-03-05,2024-05-06 11:57:08.534+07,2024-05-06 11:57:08.534+07,125,67,23,2,,
58,4,2024-02-09,2,2024-05-31,2024-05-06 11:57:08.534+07,2024-05-06 11:57:08.534+07,31,89,29,2,,
59,4,2024-02-09,2,2024-05-31,2024-05-06 11:57:08.534+07,2024-05-06 11:57:08.534+07,31,89,30,2,,
60,6,2024-04-05,2,2024-05-31,2024-05-06 11:57:08.534+07,2024-05-06 11:57:08.534+07,16,88,28,2,,
61,6,2024-04-05,2,2024-05-31,2024-05-06 11:57:08.534+07,2024-05-06 11:57:08.534+07,46,88,28,2,,
62,6,2024-04-05,2,2024-05-31,2024-05-06 11:57:08.534+07,2024-05-06 11:57:08.534+07,16,88,29,2,,
63,6,2024-04-05,2,2024-05-31,2024-05-06 11:57:08.534+07,2024-05-06 11:57:08.534+07,46,88,29,2,,
64,6,2024-04-05,2,2024-05-31,2024-05-06 11:57:08.534+07,2024-05-06 11:57:08.534+07,16,88,30,2,,
689,5,2025-02-10,2,2025-06-16,2025-02-26 11:36:10.637+07,2025-02-26 11:36:10.637+07,2,1,1,1,Весенний,2025
691,3,2025-02-17,2,2025-06-09,2025-03-09 18:25:20.702+07,2025-03-09 18:25:20.702+07,34,22,11,2,Весенний,2025
3,4,2024-02-05,1,2024-06-03,2024-05-06 11:57:08.534+07,2024-05-06 11:57:08.534+07,118,9,4,2,,
4,5,2024-02-05,1,2024-06-03,2024-05-06 11:57:08.534+07,2024-05-06 11:57:08.534+07,33,26,18,2,,
6,5,2024-02-05,1,2024-06-03,2024-05-06 11:57:08.534+07,2024-05-06 11:57:08.534+07,61,26,18,2,,
7,5,2024-02-05,1,2024-06-03,2024-05-06 11:57:08.534+07,2024-05-06 11:57:08.534+07,61,26,20,2,,
693,4,2025-03-03,4,2025-05-26,2025-03-09 18:35:41.592+07,2025-03-09 18:35:41.592+07,34,22,11,2,Весенний,2025
469,3,2024-09-09,1,2024-12-30,2024-05-06 11:57:08.534+07,2024-05-06 11:57:08.534+07,109,35,36,8,,
470,4,2024-09-09,2,2024-12-30,2024-05-06 11:57:08.534+07,2024-05-06 11:57:08.534+07,109,35,34,8,,
471,5,2024-09-09,2,2024-12-30,2024-05-06 11:57:08.534+07,2024-05-06 11:57:08.534+07,16,57,15,8,,
472,5,2024-09-09,2,2024-12-30,2024-05-06 11:57:08.534+07,2024-05-06 11:57:08.534+07,95,57,15,8,,
473,6,2024-09-09,2,2024-12-30,2024-05-06 11:57:08.534+07,2024-05-06 11:57:08.534+07,16,57,12,8,,
474,6,2024-09-09,2,2024-12-30,2024-05-06 11:57:08.534+07,2024-05-06 11:57:08.534+07,95,57,12,8,,
475,1,2024-09-02,2,2024-12-23,2024-05-06 11:57:08.534+07,2024-05-06 11:57:08.534+07,109,36,8,8,,
476,4,2024-09-02,2,2024-12-23,2024-05-06 11:57:08.534+07,2024-05-06 11:57:08.534+07,109,35,35,8,,
30,2,2024-02-07,1,2024-06-05,2024-05-06 11:57:08.534+07,2024-05-06 11:57:08.534+07,26,2,2,2,,
31,3,2024-02-07,1,2024-06-05,2024-05-06 11:57:08.534+07,2024-05-06 11:57:08.534+07,26,2,3,2,,
32,4,2024-02-14,2,2024-06-05,2024-05-06 11:57:08.534+07,2024-05-06 11:57:08.534+07,90,19,12,2,,
33,4,2024-02-07,2,2024-05-29,2024-05-06 11:57:08.534+07,2024-05-06 11:57:08.534+07,90,19,13,2,,
34,6,2024-02-14,2,2024-06-05,2024-05-06 11:57:08.534+07,2024-05-06 11:57:08.534+07,77,28,18,2,,
35,6,2024-02-14,2,2024-06-05,2024-05-06 11:57:08.534+07,2024-05-06 11:57:08.534+07,77,28,19,2,,
36,6,2024-02-07,2,2024-05-29,2024-05-06 11:57:08.534+07,2024-05-06 11:57:08.534+07,77,28,20,2,,
37,6,2024-02-07,2,2024-05-29,2024-05-06 11:57:08.534+07,2024-05-06 11:57:08.534+07,77,28,21,2,,
38,2,2024-02-15,2,2024-06-06,2024-05-06 11:57:08.534+07,2024-05-06 11:57:08.534+07,55,54,16,2,,
39,3,2024-02-15,2,2024-06-06,2024-05-06 11:57:08.534+07,2024-05-06 11:57:08.534+07,55,54,17,2,,
40,1,2024-02-16,2,2024-06-07,2024-05-06 11:57:08.534+07,2024-05-06 11:57:08.534+07,118,9,4,2,,
41,2,2024-02-16,2,2024-06-07,2024-05-06 11:57:08.534+07,2024-05-06 11:57:08.534+07,118,9,5,2,,
42,3,2024-02-16,2,2024-03-15,2024-05-06 11:57:08.534+07,2024-05-06 11:57:08.534+07,103,42,24,2,,
43,4,2024-02-16,2,2024-03-15,2024-05-06 11:57:08.534+07,2024-05-06 11:57:08.534+07,103,42,24,2,,
66,3,2024-02-05,1,2024-06-03,2024-05-06 11:57:08.534+07,2024-05-06 11:57:08.534+07,118,9,5,3,,
67,4,2024-02-05,1,2024-06-03,2024-05-06 11:57:08.534+07,2024-05-06 11:57:08.534+07,118,9,4,3,,
68,5,2024-02-05,1,2024-06-03,2024-05-06 11:57:08.534+07,2024-05-06 11:57:08.534+07,33,26,18,3,,
69,5,2024-02-05,1,2024-06-03,2024-05-06 11:57:08.534+07,2024-05-06 11:57:08.534+07,33,26,20,3,,
70,5,2024-02-05,1,2024-06-03,2024-05-06 11:57:08.534+07,2024-05-06 11:57:08.534+07,61,26,18,3,,
71,5,2024-02-05,1,2024-06-03,2024-05-06 11:57:08.534+07,2024-05-06 11:57:08.534+07,61,26,20,3,,
72,6,2024-02-05,1,2024-06-03,2024-05-06 11:57:08.534+07,2024-05-06 11:57:08.534+07,33,26,19,3,,
73,6,2024-02-05,1,2024-06-03,2024-05-06 11:57:08.534+07,2024-05-06 11:57:08.534+07,33,26,21,3,,
74,6,2024-02-05,1,2024-06-03,2024-05-06 11:57:08.534+07,2024-05-06 11:57:08.534+07,61,26,19,3,,
75,6,2024-02-05,1,2024-06-03,2024-05-06 11:57:08.534+07,2024-05-06 11:57:08.534+07,61,26,21,3,,
76,2,2024-02-06,1,2024-06-04,2024-05-06 11:57:08.534+07,2024-05-06 11:57:08.534+07,3,2,1,3,,
77,3,2024-02-27,2,2024-03-19,2024-05-06 11:57:08.534+07,2024-05-06 11:57:08.534+07,26,30,24,3,,
78,5,2024-02-27,2,2024-03-19,2024-05-06 11:57:08.534+07,2024-05-06 11:57:08.534+07,33,47,25,3,,
79,5,2024-02-27,2,2024-03-19,2024-05-06 11:57:08.534+07,2024-05-06 11:57:08.534+07,95,47,25,3,,
80,5,2024-02-27,2,2024-03-19,2024-05-06 11:57:08.534+07,2024-05-06 11:57:08.534+07,33,47,26,3,,
81,5,2024-02-27,2,2024-03-19,2024-05-06 11:57:08.534+07,2024-05-06 11:57:08.534+07,95,47,26,3,,
82,6,2024-02-06,2,2024-03-19,2024-05-06 11:57:08.534+07,2024-05-06 11:57:08.534+07,33,47,25,3,,
83,6,2024-02-06,2,2024-03-19,2024-05-06 11:57:08.534+07,2024-05-06 11:57:08.534+07,95,47,25,3,,
84,6,2024-02-06,2,2024-03-19,2024-05-06 11:57:08.534+07,2024-05-06 11:57:08.534+07,33,47,26,3,,
85,6,2024-02-06,2,2024-03-19,2024-05-06 11:57:08.534+07,2024-05-06 11:57:08.534+07,95,47,26,3,,
86,7,2024-02-20,2,2024-02-20,2024-05-06 11:57:08.534+07,2024-05-06 11:57:08.534+07,33,47,25,3,,
87,7,2024-02-20,2,2024-02-20,2024-05-06 11:57:08.534+07,2024-05-06 11:57:08.534+07,95,47,25,3,,
88,7,2024-02-20,2,2024-02-20,2024-05-06 11:57:08.534+07,2024-05-06 11:57:08.534+07,33,47,26,3,,
89,7,2024-02-20,2,2024-02-20,2024-05-06 11:57:08.534+07,2024-05-06 11:57:08.534+07,95,47,26,3,,
90,2,2024-02-07,1,2024-06-05,2024-05-06 11:57:08.534+07,2024-05-06 11:57:08.534+07,26,2,2,3,,
91,3,2024-02-07,1,2024-06-05,2024-05-06 11:57:08.534+07,2024-05-06 11:57:08.534+07,26,2,3,3,,
92,4,2024-02-14,2,2024-06-05,2024-05-06 11:57:08.534+07,2024-05-06 11:57:08.534+07,89,19,12,3,,
93,4,2024-02-07,2,2024-05-29,2024-05-06 11:57:08.534+07,2024-05-06 11:57:08.534+07,89,19,13,3,,
94,6,2024-02-14,2,2024-06-05,2024-05-06 11:57:08.534+07,2024-05-06 11:57:08.534+07,77,28,18,3,,
95,6,2024-02-14,2,2024-06-05,2024-05-06 11:57:08.534+07,2024-05-06 11:57:08.534+07,77,28,19,3,,
96,6,2024-02-07,2,2024-05-29,2024-05-06 11:57:08.534+07,2024-05-06 11:57:08.534+07,77,28,20,3,,
97,6,2024-02-07,2,2024-05-29,2024-05-06 11:57:08.534+07,2024-05-06 11:57:08.534+07,77,28,21,3,,
98,3,2024-02-15,2,2024-05-09,2024-05-06 11:57:08.534+07,2024-05-06 11:57:08.534+07,55,33,23,3,,
99,1,2024-02-16,2,2024-06-07,2024-05-06 11:57:08.534+07,2024-05-06 11:57:08.534+07,118,9,4,3,,
100,2,2024-02-16,2,2024-06-07,2024-05-06 11:57:08.534+07,2024-05-06 11:57:08.534+07,118,9,5,3,,
101,3,2024-02-16,2,2024-03-15,2024-05-06 11:57:08.534+07,2024-05-06 11:57:08.534+07,103,42,24,3,,
102,4,2024-02-16,2,2024-03-15,2024-05-06 11:57:08.534+07,2024-05-06 11:57:08.534+07,103,42,24,3,,
103,5,2024-04-05,2,2024-03-29,2024-05-06 11:57:08.534+07,2024-05-06 11:57:08.534+07,16,88,28,3,,
104,5,2024-04-05,2,2024-03-29,2024-05-06 11:57:08.534+07,2024-05-06 11:57:08.534+07,46,88,28,3,,
105,5,2024-04-05,2,2024-03-29,2024-05-06 11:57:08.534+07,2024-05-06 11:57:08.534+07,16,88,29,3,,
106,5,2024-04-05,2,2024-03-29,2024-05-06 11:57:08.534+07,2024-05-06 11:57:08.534+07,46,88,29,3,,
107,5,2024-04-05,2,2024-03-29,2024-05-06 11:57:08.534+07,2024-05-06 11:57:08.534+07,16,88,30,3,,
108,5,2024-04-05,2,2024-03-29,2024-05-06 11:57:08.534+07,2024-05-06 11:57:08.534+07,46,88,30,3,,
109,2,2024-02-09,2,2024-03-05,2024-05-06 11:57:08.534+07,2024-05-06 11:57:08.534+07,23,67,22,3,,
110,2,2024-02-09,2,2024-03-05,2024-05-06 11:57:08.534+07,2024-05-06 11:57:08.534+07,125,67,22,3,,
111,2,2024-02-09,2,2024-03-05,2024-05-06 11:57:08.534+07,2024-05-06 11:57:08.534+07,23,67,23,3,,
112,2,2024-02-09,2,2024-03-05,2024-05-06 11:57:08.534+07,2024-05-06 11:57:08.534+07,125,67,23,3,,
113,3,2024-03-22,2,2024-03-05,2024-05-06 11:57:08.534+07,2024-05-06 11:57:08.534+07,23,67,22,3,,
114,3,2024-03-22,2,2024-03-05,2024-05-06 11:57:08.534+07,2024-05-06 11:57:08.534+07,125,67,22,3,,
115,3,2024-03-22,2,2024-03-05,2024-05-06 11:57:08.534+07,2024-05-06 11:57:08.534+07,23,67,23,3,,
116,3,2024-03-22,2,2024-03-05,2024-05-06 11:57:08.534+07,2024-05-06 11:57:08.534+07,125,67,23,3,,
117,4,2024-02-09,2,2024-05-31,2024-05-06 11:57:08.534+07,2024-05-06 11:57:08.534+07,31,89,29,3,,
118,4,2024-02-09,2,2024-05-31,2024-05-06 11:57:08.534+07,2024-05-06 11:57:08.534+07,31,89,30,3,,
119,6,2024-04-05,2,2024-05-31,2024-05-06 11:57:08.534+07,2024-05-06 11:57:08.534+07,16,88,28,3,,
120,6,2024-04-05,2,2024-05-31,2024-05-06 11:57:08.534+07,2024-05-06 11:57:08.534+07,46,88,28,3,,
121,6,2024-04-05,2,2024-05-31,2024-05-06 11:57:08.534+07,2024-05-06 11:57:08.534+07,16,88,29,3,,
122,6,2024-04-05,2,2024-05-31,2024-05-06 11:57:08.534+07,2024-05-06 11:57:08.534+07,46,88,29,3,,
123,6,2024-04-05,2,2024-05-31,2024-05-06 11:57:08.534+07,2024-05-06 11:57:08.534+07,16,88,30,3,,
124,6,2024-04-05,2,2024-05-31,2024-05-06 11:57:08.534+07,2024-05-06 11:57:08.534+07,46,88,30,3,,
125,4,2024-02-12,2,2024-06-03,2024-05-06 11:57:08.534+07,2024-05-06 11:57:08.534+07,112,24,20,1,,
126,5,2024-02-12,2,2024-06-03,2024-05-06 11:57:08.534+07,2024-05-06 11:57:08.534+07,112,24,21,1,,
127,6,2024-02-12,2,2024-06-03,2024-05-06 11:57:08.534+07,2024-05-06 11:57:08.534+07,119,21,16,1,,
128,6,2024-02-05,2,2024-05-27,2024-05-06 11:57:08.534+07,2024-05-06 11:57:08.534+07,119,21,17,1,,
129,1,2024-02-05,2,2024-05-27,2024-05-06 11:57:08.534+07,2024-05-06 11:57:08.534+07,2,1,10,1,,
130,1,2024-02-05,2,2024-05-27,2024-05-06 11:57:08.534+07,2024-05-06 11:57:08.534+07,94,1,10,1,,
131,2,2024-02-05,2,2024-05-27,2024-05-06 11:57:08.534+07,2024-05-06 11:57:08.534+07,2,1,11,1,,
132,2,2024-02-05,2,2024-05-27,2024-05-06 11:57:08.534+07,2024-05-06 11:57:08.534+07,94,1,11,1,,
133,4,2024-02-05,2,2024-05-27,2024-05-06 11:57:08.534+07,2024-05-06 11:57:08.534+07,112,24,18,1,,
134,5,2024-02-05,2,2024-05-27,2024-05-06 11:57:08.534+07,2024-05-06 11:57:08.534+07,112,24,19,1,,
135,2,2024-02-06,2,2024-04-30,2024-05-06 11:57:08.534+07,2024-05-06 11:57:08.534+07,45,31,22,1,,
136,2,2024-02-06,2,2024-04-30,2024-05-06 11:57:08.534+07,2024-05-06 11:57:08.534+07,120,31,22,1,,
137,3,2024-02-06,2,2024-04-30,2024-05-06 11:57:08.534+07,2024-05-06 11:57:08.534+07,45,31,23,1,,
138,4,2024-02-06,2,2024-03-19,2024-05-06 11:57:08.534+07,2024-05-06 11:57:08.534+07,82,48,24,1,,
139,5,2024-02-06,2,2024-03-19,2024-05-06 11:57:08.534+07,2024-05-06 11:57:08.534+07,82,48,24,1,,
140,6,2024-12-19,2,2024-03-19,2024-05-06 11:57:08.534+07,2024-05-06 11:57:08.534+07,82,48,24,1,,
141,1,2024-02-14,2,2024-05-08,2024-05-06 11:57:08.534+07,2024-05-06 11:57:08.534+07,100,23,16,1,,
142,1,2024-02-28,2,2024-05-22,2024-05-06 11:57:08.534+07,2024-05-06 11:57:08.534+07,100,23,17,1,,
143,2,2024-02-14,2,2024-06-05,2024-05-06 11:57:08.534+07,2024-05-06 11:57:08.534+07,99,25,17,1,,
144,2,2024-02-14,2,2024-06-05,2024-05-06 11:57:08.534+07,2024-05-06 11:57:08.534+07,94,25,17,1,,
145,3,2024-02-14,2,2024-06-05,2024-05-06 11:57:08.534+07,2024-05-06 11:57:08.534+07,99,25,16,1,,
146,3,2024-02-14,2,2024-06-05,2024-05-06 11:57:08.534+07,2024-05-06 11:57:08.534+07,94,25,16,1,,
147,4,2024-02-14,2,2024-06-05,2024-05-06 11:57:08.534+07,2024-05-06 11:57:08.534+07,26,27,19,1,,
148,5,2024-02-14,2,2024-06-05,2024-05-06 11:57:08.534+07,2024-05-06 11:57:08.534+07,26,27,18,1,,
149,4,2024-02-07,2,2024-05-29,2024-05-06 11:57:08.534+07,2024-05-06 11:57:08.534+07,26,27,21,1,,
150,5,2024-02-07,2,2024-05-29,2024-05-06 11:57:08.534+07,2024-05-06 11:57:08.534+07,26,27,20,1,,
151,1,2024-02-07,2,2024-03-20,2024-05-06 11:57:08.534+07,2024-05-06 11:57:08.534+07,34,22,16,1,,
152,2,2024-02-07,2,2024-03-20,2024-05-06 11:57:08.534+07,2024-05-06 11:57:08.534+07,34,22,17,1,,
153,1,2024-02-15,2,2024-06-06,2024-05-06 11:57:08.534+07,2024-05-06 11:57:08.534+07,2,1,9,1,,
154,1,2024-02-15,2,2024-06-06,2024-05-06 11:57:08.534+07,2024-05-06 11:57:08.534+07,94,1,9,1,,
155,2,2024-02-15,2,2024-06-06,2024-05-06 11:57:08.534+07,2024-05-06 11:57:08.534+07,2,1,14,1,,
156,2,2024-02-15,2,2024-06-06,2024-05-06 11:57:08.534+07,2024-05-06 11:57:08.534+07,94,1,14,1,,
157,2,2024-02-08,2,2024-05-30,2024-05-06 11:57:08.534+07,2024-05-06 11:57:08.534+07,2,1,12,1,,
158,2,2024-02-08,2,2024-05-30,2024-05-06 11:57:08.534+07,2024-05-06 11:57:08.534+07,94,1,12,1,,
159,3,2024-02-15,2,2024-06-06,2024-05-06 11:57:08.534+07,2024-05-06 11:57:08.534+07,2,1,13,1,,
160,3,2024-02-15,2,2024-06-06,2024-05-06 11:57:08.534+07,2024-05-06 11:57:08.534+07,94,1,13,1,,
161,3,2024-02-08,2,2024-05-30,2024-05-06 11:57:08.534+07,2024-05-06 11:57:08.534+07,2,1,15,1,,
162,3,2024-02-08,2,2024-05-30,2024-05-06 11:57:08.534+07,2024-05-06 11:57:08.534+07,94,1,15,1,,
163,4,2024-02-15,2,2024-06-06,2024-05-06 11:57:08.534+07,2024-05-06 11:57:08.534+07,4,33,22,1,,
164,4,2024-02-15,2,2024-06-06,2024-05-06 11:57:08.534+07,2024-05-06 11:57:08.534+07,55,33,22,1,,
165,2,2024-02-16,2,2024-06-07,2024-05-06 11:57:08.534+07,2024-05-06 11:57:08.534+07,26,2,2,1,,
166,3,2024-02-16,2,2024-06-07,2024-05-06 11:57:08.534+07,2024-05-06 11:57:08.534+07,26,2,3,1,,
167,5,2024-02-16,2,2024-06-07,2024-05-06 11:57:08.534+07,2024-05-06 11:57:08.534+07,119,21,18,1,,
168,5,2024-02-16,2,2024-06-07,2024-05-06 11:57:08.534+07,2024-05-06 11:57:08.534+07,119,21,19,1,,
169,5,2024-02-16,2,2024-06-07,2024-05-06 11:57:08.534+07,2024-05-06 11:57:08.534+07,119,21,20,1,,
170,5,2024-02-16,2,2024-06-07,2024-05-06 11:57:08.534+07,2024-05-06 11:57:08.534+07,119,21,21,1,,
171,1,2024-02-09,2,2024-05-31,2024-05-06 11:57:08.534+07,2024-05-06 11:57:08.534+07,3,2,1,1,,
172,2,2024-02-09,2,2024-05-31,2024-05-06 11:57:08.534+07,2024-05-06 11:57:08.534+07,3,8,1,1,,
173,3,2024-02-09,2,2024-05-31,2024-05-06 11:57:08.534+07,2024-05-06 11:57:08.534+07,26,8,6,1,,
174,4,2024-02-09,2,2024-05-31,2024-05-06 11:57:08.534+07,2024-05-06 11:57:08.534+07,26,8,5,1,,
175,2,2024-02-10,2,2024-06-01,2024-05-06 11:57:08.534+07,2024-05-06 11:57:08.534+07,107,90,31,1,,
176,3,2024-02-10,2,2024-06-01,2024-05-06 11:57:08.534+07,2024-05-06 11:57:08.534+07,107,90,31,1,,
177,4,2024-02-10,2,2024-06-01,2024-05-06 11:57:08.534+07,2024-05-06 11:57:08.534+07,62,91,31,1,,
178,5,2024-02-10,2,2024-06-01,2024-05-06 11:57:08.534+07,2024-05-06 11:57:08.534+07,62,91,31,1,,
179,2,2024-02-12,2,2024-06-03,2024-05-06 11:57:08.534+07,2024-05-06 11:57:08.534+07,123,92,31,8,,
180,4,2024-02-12,2,2024-06-03,2024-05-06 11:57:08.534+07,2024-05-06 11:57:08.534+07,109,24,18,8,,
181,4,2024-02-12,2,2024-06-03,2024-05-06 11:57:08.534+07,2024-05-06 11:57:08.534+07,109,24,20,8,,
182,2,2024-02-13,2,2024-06-04,2024-05-06 11:57:08.534+07,2024-05-06 11:57:08.534+07,109,9,8,8,,
183,3,2024-02-06,1,2024-06-04,2024-05-06 11:57:08.534+07,2024-05-06 11:57:08.534+07,109,9,6,8,,
184,3,2024-02-06,1,2024-06-04,2024-05-06 11:57:08.534+07,2024-05-06 11:57:08.534+07,109,9,7,8,,
185,1,2024-02-07,2,2024-03-20,2024-05-06 11:57:08.534+07,2024-05-06 11:57:08.534+07,60,24,17,8,,
186,2,2024-02-14,2,2024-05-06,2024-05-06 11:57:08.534+07,2024-05-06 11:57:08.534+07,60,24,16,8,,
187,2,2024-02-07,2,2024-03-20,2024-05-06 11:57:08.534+07,2024-05-06 11:57:08.534+07,60,24,16,8,,
188,3,2024-02-14,2,2024-06-04,2024-05-06 11:57:08.534+07,2024-05-06 11:57:08.534+07,60,24,17,8,,
189,4,2024-02-07,1,2024-02-21,2024-05-06 11:57:08.534+07,2024-05-06 11:57:08.534+07,103,43,25,8,,
190,6,2024-02-07,1,2024-02-21,2024-05-06 11:57:08.534+07,2024-05-06 11:57:08.534+07,103,43,26,8,,
191,1,2024-04-04,2,2024-05-16,2024-05-06 11:57:08.534+07,2024-05-06 11:57:08.534+07,60,93,28,8,,
192,2,2024-02-15,2,2024-06-06,2024-05-06 11:57:08.534+07,2024-05-06 11:57:08.534+07,34,22,17,8,,
193,2,2024-02-08,2,2024-05-30,2024-05-06 11:57:08.534+07,2024-05-06 11:57:08.534+07,60,93,28,8,,
194,3,2024-02-15,2,2024-06-06,2024-05-06 11:57:08.534+07,2024-05-06 11:57:08.534+07,34,22,16,8,,
195,3,2024-02-08,2,2024-05-30,2024-05-06 11:57:08.534+07,2024-05-06 11:57:08.534+07,60,93,28,8,,
196,4,2024-02-08,2,2024-05-30,2024-05-06 11:57:08.534+07,2024-05-06 11:57:08.534+07,52,93,29,8,,
197,5,2024-02-08,2,2024-05-30,2024-05-06 11:57:08.534+07,2024-05-06 11:57:08.534+07,52,93,29,8,,
198,5,2024-02-08,2,2024-05-30,2024-05-06 11:57:08.534+07,2024-05-06 11:57:08.534+07,16,93,29,8,,
199,6,2024-04-18,2,2024-05-16,2024-05-06 11:57:08.534+07,2024-05-06 11:57:08.534+07,16,93,29,8,,
200,6,2024-04-18,2,2024-05-16,2024-05-06 11:57:08.534+07,2024-05-06 11:57:08.534+07,16,93,30,8,,
201,6,2024-04-18,2,2024-05-16,2024-05-06 11:57:08.534+07,2024-05-06 11:57:08.534+07,52,93,29,8,,
202,6,2024-04-18,2,2024-05-16,2024-05-06 11:57:08.534+07,2024-05-06 11:57:08.534+07,52,93,30,8,,
203,2,2024-02-16,2,2024-06-07,2024-05-06 11:57:08.534+07,2024-05-06 11:57:08.534+07,109,9,8,8,,
204,2,2024-02-09,2,2024-03-22,2024-05-06 11:57:08.534+07,2024-05-06 11:57:08.534+07,103,43,25,8,,
205,3,2024-02-16,2,2024-06-07,2024-05-06 11:57:08.534+07,2024-05-06 11:57:08.534+07,109,9,7,8,,
206,3,2024-02-09,2,2024-03-22,2024-05-06 11:57:08.534+07,2024-05-06 11:57:08.534+07,103,43,26,8,,
207,4,2024-02-16,2,2024-06-07,2024-05-06 11:57:08.534+07,2024-05-06 11:57:08.534+07,109,9,6,8,,
208,4,2024-02-09,2,2024-03-22,2024-05-06 11:57:08.534+07,2024-05-06 11:57:08.534+07,103,42,24,8,,
209,5,2024-02-16,2,2024-06-07,2024-05-06 11:57:08.534+07,2024-05-06 11:57:08.534+07,77,28,18,8,,
210,5,2024-02-16,2,2024-06-07,2024-05-06 11:57:08.534+07,2024-05-06 11:57:08.534+07,77,28,19,8,,
211,5,2024-02-16,2,2024-06-07,2024-05-06 11:57:08.534+07,2024-05-06 11:57:08.534+07,77,28,20,8,,
212,5,2024-02-16,2,2024-06-07,2024-05-06 11:57:08.534+07,2024-05-06 11:57:08.534+07,77,28,21,8,,
213,2,2024-02-10,2,2024-06-01,2024-05-06 11:57:08.534+07,2024-05-06 11:57:08.534+07,109,9,8,8,,
477,5,2024-09-02,2,2024-12-23,2024-05-06 11:57:08.534+07,2024-05-06 11:57:08.534+07,16,57,14,8,,
478,5,2024-09-02,2,2024-12-23,2024-05-06 11:57:08.534+07,2024-05-06 11:57:08.534+07,95,57,14,8,,
479,6,2024-09-02,2,2024-12-23,2024-05-06 11:57:08.534+07,2024-05-06 11:57:08.534+07,16,57,13,8,,
480,6,2024-09-02,2,2024-12-23,2024-05-06 11:57:08.534+07,2024-05-06 11:57:08.534+07,95,57,13,8,,
481,1,2024-09-10,2,2024-12-17,2024-05-06 11:57:08.534+07,2024-05-06 11:57:08.534+07,2,107,31,8,,
482,3,2024-09-10,2,2024-12-03,2024-05-06 11:57:08.534+07,2024-05-06 11:57:08.534+07,2,107,38,8,,
483,1,2024-09-03,2,2024-11-12,2024-05-06 11:57:08.534+07,2024-05-06 11:57:08.534+07,60,93,28,8,,
484,2,2024-09-03,2,2024-11-12,2024-05-06 11:57:08.534+07,2024-05-06 11:57:08.534+07,60,93,28,8,,
485,5,2024-09-03,2,2024-12-03,2024-05-06 11:57:08.534+07,2024-05-06 11:57:08.534+07,109,55,12,8,,
486,5,2024-09-03,2,2024-12-03,2024-05-06 11:57:08.534+07,2024-05-06 11:57:08.534+07,109,55,13,8,,
487,5,2024-09-03,2,2024-12-03,2024-05-06 11:57:08.534+07,2024-05-06 11:57:08.534+07,109,55,14,8,,
488,5,2024-09-03,2,2024-12-03,2024-05-06 11:57:08.534+07,2024-05-06 11:57:08.534+07,109,55,15,8,,
489,1,2024-09-11,2,2024-12-18,2024-05-06 11:57:08.534+07,2024-05-06 11:57:08.534+07,109,36,5,8,,
490,2,2024-09-11,2,2024-12-18,2024-05-06 11:57:08.534+07,2024-05-06 11:57:08.534+07,109,36,4,8,,
491,3,2024-09-11,1,2024-12-18,2024-05-06 11:57:08.534+07,2024-05-06 11:57:08.534+07,99,58,21,8,,
492,3,2024-09-11,1,2024-12-18,2024-05-06 11:57:08.534+07,2024-05-06 11:57:08.534+07,117,58,21,8,,
493,4,2024-09-11,2,2024-11-20,2024-05-06 11:57:08.534+07,2024-05-06 11:57:08.534+07,31,89,29,8,,
231,1,2024-02-12,2,2024-06-03,2024-05-06 11:57:08.534+07,2024-05-06 11:57:08.534+07,55,18,10,6,,
232,1,2024-02-12,2,2024-06-03,2024-05-06 11:57:08.534+07,2024-05-06 11:57:08.534+07,99,18,10,6,,
233,2,2024-02-12,2,2024-06-03,2024-05-06 11:57:08.534+07,2024-05-06 11:57:08.534+07,55,18,11,6,,
234,2,2024-02-12,2,2024-06-03,2024-05-06 11:57:08.534+07,2024-05-06 11:57:08.534+07,99,18,11,6,,
235,4,2024-02-12,2,2024-06-03,2024-05-06 11:57:08.534+07,2024-05-06 11:57:08.534+07,4,20,19,6,,
236,4,2024-02-05,2,2024-05-27,2024-05-06 11:57:08.534+07,2024-05-06 11:57:08.534+07,3,20,21,6,,
237,5,2024-02-12,2,2024-06-03,2024-05-06 11:57:08.534+07,2024-05-06 11:57:08.534+07,4,20,16,6,,
238,5,2024-02-05,2,2024-05-27,2024-05-06 11:57:08.534+07,2024-05-06 11:57:08.534+07,3,20,17,6,,
239,6,2024-02-12,2,2024-06-03,2024-05-06 11:57:08.534+07,2024-05-06 11:57:08.534+07,4,20,18,6,,
240,6,2024-02-05,2,2024-05-27,2024-05-06 11:57:08.534+07,2024-05-06 11:57:08.534+07,3,20,20,6,,
241,3,2024-02-06,2,2024-05-28,2024-05-06 11:57:08.534+07,2024-05-06 11:57:08.534+07,103,11,7,6,,
242,4,2024-02-13,2,2024-06-04,2024-05-06 11:57:08.534+07,2024-05-06 11:57:08.534+07,89,11,5,6,,
243,4,2024-02-06,2,2024-05-28,2024-05-06 11:57:08.534+07,2024-05-06 11:57:08.534+07,103,11,8,6,,
244,5,2024-02-13,2,2024-06-04,2024-05-06 11:57:08.534+07,2024-05-06 11:57:08.534+07,89,11,4,6,,
245,5,2024-02-06,2,2024-05-28,2024-05-06 11:57:08.534+07,2024-05-06 11:57:08.534+07,103,11,6,6,,
246,4,2024-02-14,2,2024-06-05,2024-05-06 11:57:08.534+07,2024-05-06 11:57:08.534+07,94,25,18,6,,
247,4,2024-02-14,2,2024-06-05,2024-05-06 11:57:08.534+07,2024-05-06 11:57:08.534+07,99,25,18,6,,
248,4,2024-02-07,2,2024-05-29,2024-05-06 11:57:08.534+07,2024-05-06 11:57:08.534+07,94,25,20,6,,
249,4,2024-02-07,2,2024-05-29,2024-05-06 11:57:08.534+07,2024-05-06 11:57:08.534+07,99,25,20,6,,
250,5,2024-02-14,2,2024-06-05,2024-05-06 11:57:08.534+07,2024-05-06 11:57:08.534+07,94,25,19,6,,
251,5,2024-02-14,2,2024-06-05,2024-05-06 11:57:08.534+07,2024-05-06 11:57:08.534+07,99,25,19,6,,
252,5,2024-02-07,2,2024-05-29,2024-05-06 11:57:08.534+07,2024-05-06 11:57:08.534+07,94,25,21,6,,
253,5,2024-02-07,2,2024-05-29,2024-05-06 11:57:08.534+07,2024-05-06 11:57:08.534+07,99,25,21,6,,
254,1,2024-02-15,2,2024-05-09,2024-05-06 11:57:08.534+07,2024-05-06 11:57:08.534+07,5,32,23,6,,
255,1,2024-02-08,2,2024-05-30,2024-05-06 11:57:08.534+07,2024-05-06 11:57:08.534+07,5,94,31,6,,
256,1,2024-02-08,2,2024-05-30,2024-05-06 11:57:08.534+07,2024-05-06 11:57:08.534+07,99,94,31,6,,
257,1,2024-02-15,2,2024-05-09,2024-05-06 11:57:08.534+07,2024-05-06 11:57:08.534+07,5,32,22,6,,
258,2,2024-02-08,2,2024-05-30,2024-05-06 11:57:08.534+07,2024-05-06 11:57:08.534+07,5,94,31,6,,
259,2,2024-02-08,2,2024-05-30,2024-05-06 11:57:08.534+07,2024-05-06 11:57:08.534+07,99,94,31,6,,
260,4,2024-04-11,2,2024-05-24,2024-05-06 11:57:08.534+07,2024-05-06 11:57:08.534+07,31,95,28,6,,
261,4,2024-04-11,2,2024-05-24,2024-05-06 11:57:08.534+07,2024-05-06 11:57:08.534+07,31,95,29,6,,
262,4,2024-04-11,2,2024-05-24,2024-05-06 11:57:08.534+07,2024-05-06 11:57:08.534+07,31,95,30,6,,
263,4,2024-04-11,2,2024-05-24,2024-05-06 11:57:08.534+07,2024-05-06 11:57:08.534+07,52,95,28,6,,
264,4,2024-04-11,2,2024-05-24,2024-05-06 11:57:08.534+07,2024-05-06 11:57:08.534+07,52,95,29,6,,
265,4,2024-04-11,2,2024-05-24,2024-05-06 11:57:08.534+07,2024-05-06 11:57:08.534+07,52,95,30,6,,
266,5,2024-02-15,2,2024-05-24,2024-05-06 11:57:08.534+07,2024-05-06 11:57:08.534+07,31,95,28,6,,
267,5,2024-02-15,2,2024-05-24,2024-05-06 11:57:08.534+07,2024-05-06 11:57:08.534+07,31,95,29,6,,
268,5,2024-02-15,2,2024-05-24,2024-05-06 11:57:08.534+07,2024-05-06 11:57:08.534+07,31,95,30,6,,
269,5,2024-02-15,2,2024-05-24,2024-05-06 11:57:08.534+07,2024-05-06 11:57:08.534+07,52,95,28,6,,
270,5,2024-02-15,2,2024-05-24,2024-05-06 11:57:08.534+07,2024-05-06 11:57:08.534+07,52,95,29,6,,
271,5,2024-02-15,2,2024-05-24,2024-05-06 11:57:08.534+07,2024-05-06 11:57:08.534+07,52,95,30,6,,
272,2,2024-02-15,2,2024-03-14,2024-05-06 11:57:08.534+07,2024-05-06 11:57:08.534+07,89,42,25,6,,
646,5,2024-09-09,2,2024-12-30,2024-05-06 11:57:08.534+07,2024-05-06 11:57:08.534+07,115,116,37,7,,
647,6,2024-09-09,2,2024-10-21,2024-05-06 11:57:08.534+07,2024-05-06 11:57:08.534+07,115,116,37,7,,
288,3,2024-09-09,2,2024-12-30,2024-05-06 11:57:08.534+07,2024-05-06 11:57:08.534+07,34,97,31,2,,
289,4,2024-09-09,2,2024-12-30,2024-05-06 11:57:08.534+07,2024-05-06 11:57:08.534+07,34,97,31,2,,
494,4,2024-09-11,2,2024-11-20,2024-05-06 11:57:08.534+07,2024-05-06 11:57:08.534+07,31,89,30,8,,
495,4,2024-10-23,2,2024-11-20,2024-05-06 11:57:08.534+07,2024-05-06 11:57:08.534+07,52,89,29,8,,
273,3,2024-02-09,2,2024-03-22,2024-05-06 11:57:08.534+07,2024-05-06 11:57:08.534+07,89,42,25,6,,
274,4,2024-02-09,2,2024-03-22,2024-05-06 11:57:08.534+07,2024-05-06 11:57:08.534+07,89,42,26,6,,
275,5,2024-02-15,2,2024-03-14,2024-05-06 11:57:08.534+07,2024-05-06 11:57:08.534+07,89,42,26,6,,
276,5,2024-04-05,2,2024-05-31,2024-05-06 11:57:08.534+07,2024-05-06 11:57:08.534+07,89,96,28,6,,
277,5,2024-04-05,2,2024-05-31,2024-05-06 11:57:08.534+07,2024-05-06 11:57:08.534+07,89,96,29,6,,
278,5,2024-04-05,2,2024-05-31,2024-05-06 11:57:08.534+07,2024-05-06 11:57:08.534+07,89,96,30,6,,
279,5,2024-04-05,2,2024-05-31,2024-05-06 11:57:08.534+07,2024-05-06 11:57:08.534+07,103,96,28,6,,
280,5,2024-04-05,2,2024-05-31,2024-05-06 11:57:08.534+07,2024-05-06 11:57:08.534+07,103,96,29,6,,
281,5,2024-04-05,2,2024-05-31,2024-05-06 11:57:08.534+07,2024-05-06 11:57:08.534+07,103,96,30,6,,
282,6,2024-02-16,2,2024-03-29,2024-05-06 11:57:08.534+07,2024-05-06 11:57:08.534+07,89,96,28,6,,
283,6,2024-02-16,2,2024-03-29,2024-05-06 11:57:08.534+07,2024-05-06 11:57:08.534+07,89,96,29,6,,
284,6,2024-02-16,2,2024-03-29,2024-05-06 11:57:08.534+07,2024-05-06 11:57:08.534+07,89,96,30,6,,
285,6,2024-02-16,2,2024-03-29,2024-05-06 11:57:08.534+07,2024-05-06 11:57:08.534+07,103,96,28,6,,
286,6,2024-02-16,2,2024-03-29,2024-05-06 11:57:08.534+07,2024-05-06 11:57:08.534+07,103,96,29,6,,
287,6,2024-02-16,2,2024-03-29,2024-05-06 11:57:08.534+07,2024-05-06 11:57:08.534+07,103,96,30,6,,
496,4,2024-10-23,2,2024-11-20,2024-05-06 11:57:08.534+07,2024-05-06 11:57:08.534+07,52,89,30,8,,
497,5,2024-09-11,2,2024-11-20,2024-05-06 11:57:08.534+07,2024-05-06 11:57:08.534+07,31,89,29,8,,
498,5,2024-09-11,2,2024-11-20,2024-05-06 11:57:08.534+07,2024-05-06 11:57:08.534+07,31,89,30,8,,
499,5,2024-10-23,2,2024-11-20,2024-05-06 11:57:08.534+07,2024-05-06 11:57:08.534+07,52,89,29,8,,
500,5,2024-10-23,2,2024-11-20,2024-05-06 11:57:08.534+07,2024-05-06 11:57:08.534+07,52,89,30,8,,
501,5,2024-10-23,2,2024-11-20,2024-05-06 11:57:08.534+07,2024-05-06 11:57:08.534+07,31,89,28,8,,
502,1,2024-09-04,2,2024-12-25,2024-05-06 11:57:08.534+07,2024-05-06 11:57:08.534+07,109,36,7,8,,
503,2,2024-09-04,2,2024-12-25,2024-05-06 11:57:08.534+07,2024-05-06 11:57:08.534+07,109,36,6,8,,
504,4,2024-09-04,2,2024-12-25,2024-05-06 11:57:08.534+07,2024-05-06 11:57:08.534+07,89,106,28,8,,
505,4,2024-09-04,2,2024-12-25,2024-05-06 11:57:08.534+07,2024-05-06 11:57:08.534+07,89,106,29,8,,
506,4,2024-09-04,2,2024-12-25,2024-05-06 11:57:08.534+07,2024-05-06 11:57:08.534+07,89,106,30,8,,
507,4,2024-09-04,2,2024-12-25,2024-05-06 11:57:08.534+07,2024-05-06 11:57:08.534+07,103,106,28,8,,
508,4,2024-09-04,2,2024-12-25,2024-05-06 11:57:08.534+07,2024-05-06 11:57:08.534+07,103,106,29,8,,
509,4,2024-09-04,2,2024-12-25,2024-05-06 11:57:08.534+07,2024-05-06 11:57:08.534+07,103,106,30,8,,
510,1,2024-09-05,1,2024-12-26,2024-05-06 11:57:08.534+07,2024-05-06 11:57:08.534+07,60,52,18,8,,
511,1,2024-09-05,1,2024-12-26,2024-05-06 11:57:08.534+07,2024-05-06 11:57:08.534+07,60,52,19,8,,
512,1,2024-09-05,1,2024-12-26,2024-05-06 11:57:08.534+07,2024-05-06 11:57:08.534+07,60,52,20,8,,
513,1,2024-09-05,1,2024-12-26,2024-05-06 11:57:08.534+07,2024-05-06 11:57:08.534+07,60,52,21,8,,
514,3,2024-09-12,2,2024-12-19,2024-05-06 11:57:08.534+07,2024-05-06 11:57:08.534+07,60,108,38,8,,
515,4,2024-09-12,2,2024-12-19,2024-05-06 11:57:08.534+07,2024-05-06 11:57:08.534+07,82,76,18,8,,
516,4,2024-09-12,2,2024-12-19,2024-05-06 11:57:08.534+07,2024-05-06 11:57:08.534+07,82,76,19,8,,
517,4,2024-09-12,2,2024-12-19,2024-05-06 11:57:08.534+07,2024-05-06 11:57:08.534+07,82,76,20,8,,
518,4,2024-09-12,2,2024-12-19,2024-05-06 11:57:08.534+07,2024-05-06 11:57:08.534+07,82,76,21,8,,
519,2,2024-09-05,2,2024-12-26,2024-05-06 11:57:08.534+07,2024-05-06 11:57:08.534+07,60,93,38,8,,
520,3,2024-09-05,2,2024-11-28,2024-05-06 11:57:08.534+07,2024-05-06 11:57:08.534+07,60,93,38,8,,
521,4,2024-09-05,2,2024-10-17,2024-05-06 11:57:08.534+07,2024-05-06 11:57:08.534+07,60,52,17,8,,
522,1,2024-09-13,2,2024-12-20,2024-05-06 11:57:08.534+07,2024-05-06 11:57:08.534+07,109,35,35,8,,
523,2,2024-09-13,2,2024-12-20,2024-05-06 11:57:08.534+07,2024-05-06 11:57:08.534+07,109,35,35,8,,
524,3,2024-09-13,2,2024-12-20,2024-05-06 11:57:08.534+07,2024-05-06 11:57:08.534+07,107,2,1,8,,
525,1,2024-09-06,2,2024-12-27,2024-05-06 11:57:08.534+07,2024-05-06 11:57:08.534+07,109,35,36,8,,
526,2,2024-09-06,2,2024-12-27,2024-05-06 11:57:08.534+07,2024-05-06 11:57:08.534+07,109,35,36,8,,
527,4,2024-09-06,2,2024-12-27,2024-05-06 11:57:08.534+07,2024-05-06 11:57:08.534+07,109,35,35,8,,
528,2,2024-09-14,2,2024-12-21,2024-05-06 11:57:08.534+07,2024-05-06 11:57:08.534+07,26,2,41,8,,
529,3,2024-09-07,1,2024-12-28,2024-05-06 11:57:08.534+07,2024-05-06 11:57:08.534+07,26,56,11,8,,
530,5,2024-09-07,1,2024-12-28,2024-05-06 11:57:08.534+07,2024-05-06 11:57:08.534+07,26,56,10,8,,
644,2,2024-09-09,2,2024-12-30,2024-05-06 11:57:08.534+07,2024-05-06 11:57:08.534+07,60,52,17,7,,
645,3,2024-09-09,2,2024-12-30,2024-05-06 11:57:08.534+07,2024-05-06 11:57:08.534+07,60,52,16,7,,
648,5,2024-09-02,2,2024-12-23,2024-05-06 11:57:08.534+07,2024-05-06 11:57:08.534+07,115,117,31,7,,
649,6,2024-09-02,2,2024-12-23,2024-05-06 11:57:08.534+07,2024-05-06 11:57:08.534+07,115,117,31,7,,
650,4,2024-09-03,2,2024-12-24,2024-05-06 11:57:08.534+07,2024-05-06 11:57:08.534+07,100,23,11,7,,
651,5,2024-09-03,2,2024-12-24,2024-05-06 11:57:08.534+07,2024-05-06 11:57:08.534+07,100,23,10,7,,
652,1,2024-09-11,2,2024-12-18,2024-05-06 11:57:08.534+07,2024-05-06 11:57:08.534+07,45,118,37,7,,
653,4,2024-09-11,1,2024-12-18,2024-05-06 11:57:08.534+07,2024-05-06 11:57:08.534+07,100,58,20,7,,
654,4,2024-09-11,1,2024-12-18,2024-05-06 11:57:08.534+07,2024-05-06 11:57:08.534+07,117,58,20,7,,
655,3,2024-09-04,2,2024-12-25,2024-05-06 11:57:08.534+07,2024-05-06 11:57:08.534+07,26,27,18,7,,
666,5,2024-09-04,2,2024-12-25,2024-05-06 11:57:08.534+07,2024-05-06 11:57:08.534+07,89,96,28,7,,
667,5,2024-09-04,2,2024-12-25,2024-05-06 11:57:08.534+07,2024-05-06 11:57:08.534+07,89,96,29,7,,
668,5,2024-09-04,2,2024-12-25,2024-05-06 11:57:08.534+07,2024-05-06 11:57:08.534+07,89,96,30,7,,
669,5,2024-09-04,2,2024-12-25,2024-05-06 11:57:08.534+07,2024-05-06 11:57:08.534+07,103,96,28,7,,
290,5,2024-09-02,1,2024-12-30,2024-05-06 11:57:08.534+07,2024-05-06 11:57:08.534+07,33,17,12,2,,
291,6,2024-09-02,1,2024-12-30,2024-05-06 11:57:08.534+07,2024-05-06 11:57:08.534+07,33,17,15,2,,
292,2,2024-09-02,2,2024-12-23,2024-05-06 11:57:08.534+07,2024-05-06 11:57:08.534+07,91,98,38,2,,
293,1,2024-09-10,2,2024-12-24,2024-05-06 11:57:08.534+07,2024-05-06 11:57:08.534+07,118,35,33,2,,
389,1,2024-09-04,2,2024-12-25,2024-05-06 11:57:08.534+07,2024-05-06 11:57:08.534+07,107,46,16,3,,
390,2,2024-09-04,2,2024-12-25,2024-05-06 11:57:08.534+07,2024-05-06 11:57:08.534+07,107,46,17,3,,
391,3,2024-09-04,2,2024-10-30,2024-05-06 11:57:08.534+07,2024-05-06 11:57:08.534+07,31,95,28,3,,
392,3,2024-09-04,2,2024-10-30,2024-05-06 11:57:08.534+07,2024-05-06 11:57:08.534+07,31,95,29,3,,
393,3,2024-09-04,2,2024-10-30,2024-05-06 11:57:08.534+07,2024-05-06 11:57:08.534+07,31,95,30,3,,
394,3,2024-09-04,2,2024-10-30,2024-05-06 11:57:08.534+07,2024-05-06 11:57:08.534+07,52,95,28,3,,
395,3,2024-09-04,2,2024-10-30,2024-05-06 11:57:08.534+07,2024-05-06 11:57:08.534+07,52,95,29,3,,
396,3,2024-09-04,2,2024-10-30,2024-05-06 11:57:08.534+07,2024-05-06 11:57:08.534+07,52,95,30,3,,
397,4,2024-09-05,1,2024-12-26,2024-05-06 11:57:08.534+07,2024-05-06 11:57:08.534+07,33,17,13,3,,
398,4,2024-09-05,2,2024-12-26,2024-05-06 11:57:08.534+07,2024-05-06 11:57:08.534+07,61,17,13,3,,
399,5,2024-09-05,1,2024-12-26,2024-05-06 11:57:08.534+07,2024-05-06 11:57:08.534+07,33,17,14,3,,
400,5,2024-09-05,2,2024-12-26,2024-05-06 11:57:08.534+07,2024-05-06 11:57:08.534+07,61,17,14,3,,
401,6,2024-09-12,2,2024-12-19,2024-05-06 11:57:08.534+07,2024-05-06 11:57:08.534+07,16,93,39,3,,
402,6,2024-09-12,2,2024-12-19,2024-05-06 11:57:08.534+07,2024-05-06 11:57:08.534+07,16,93,40,3,,
403,6,2024-09-12,2,2024-12-19,2024-05-06 11:57:08.534+07,2024-05-06 11:57:08.534+07,52,93,39,3,,
404,6,2024-09-12,2,2024-12-19,2024-05-06 11:57:08.534+07,2024-05-06 11:57:08.534+07,52,93,40,3,,
405,1,2024-09-06,1,2024-12-27,2024-05-06 11:57:08.534+07,2024-05-06 11:57:08.534+07,118,35,33,3,,
406,2,2024-09-06,1,2024-12-27,2024-05-06 11:57:08.534+07,2024-05-06 11:57:08.534+07,118,35,32,3,,
407,5,2024-09-13,2,2024-10-25,2024-05-06 11:57:08.534+07,2024-05-06 11:57:08.534+07,16,101,38,3,,
408,5,2024-09-13,2,2024-10-25,2024-05-06 11:57:08.534+07,2024-05-06 11:57:08.534+07,16,101,39,3,,
409,5,2024-09-13,2,2024-10-25,2024-05-06 11:57:08.534+07,2024-05-06 11:57:08.534+07,16,101,40,3,,
410,5,2024-09-14,2,2024-12-21,2024-05-06 11:57:08.534+07,2024-05-06 11:57:08.534+07,62,56,21,3,,
411,5,2024-09-14,2,2024-12-21,2024-05-06 11:57:08.534+07,2024-05-06 11:57:08.534+07,62,56,22,3,,
412,5,2024-09-14,2,2024-12-21,2024-05-06 11:57:08.534+07,2024-05-06 11:57:08.534+07,62,56,23,3,,
413,5,2024-09-14,2,2024-12-21,2024-05-06 11:57:08.534+07,2024-05-06 11:57:08.534+07,62,56,24,3,,
414,6,2024-09-14,2,2024-10-26,2024-05-06 11:57:08.534+07,2024-05-06 11:57:08.534+07,62,56,21,3,,
415,6,2024-09-14,2,2024-10-26,2024-05-06 11:57:08.534+07,2024-05-06 11:57:08.534+07,62,56,22,3,,
416,6,2024-09-14,2,2024-10-26,2024-05-06 11:57:08.534+07,2024-05-06 11:57:08.534+07,62,56,23,3,,
417,6,2024-09-14,2,2024-10-26,2024-05-06 11:57:08.534+07,2024-05-06 11:57:08.534+07,62,56,24,3,,
418,2,2024-09-07,2,2024-12-28,2024-05-06 11:57:08.534+07,2024-05-06 11:57:08.534+07,107,2,2,3,,
419,3,2024-09-07,2,2024-12-28,2024-05-06 11:57:08.534+07,2024-05-06 11:57:08.534+07,107,2,3,3,,
420,4,2024-09-21,2,2024-11-02,2024-05-06 11:57:08.534+07,2024-05-06 11:57:08.534+07,62,101,38,3,,
421,4,2024-09-21,2,2024-11-02,2024-05-06 11:57:08.534+07,2024-05-06 11:57:08.534+07,62,101,39,3,,
422,4,2024-09-21,2,2024-11-02,2024-05-06 11:57:08.534+07,2024-05-06 11:57:08.534+07,62,101,40,3,,
423,6,2024-09-21,2,2024-11-02,2024-05-06 11:57:08.534+07,2024-05-06 11:57:08.534+07,62,101,38,3,,
424,6,2024-09-21,2,2024-11-02,2024-05-06 11:57:08.534+07,2024-05-06 11:57:08.534+07,62,101,39,3,,
425,6,2024-09-21,2,2024-11-02,2024-05-06 11:57:08.534+07,2024-05-06 11:57:08.534+07,62,101,40,3,,
544,4,2024-09-06,1,2024-12-27,2024-05-06 11:57:08.534+07,2024-05-06 11:57:08.534+07,90,7,4,9,,
545,5,2024-09-06,1,2024-12-27,2024-05-06 11:57:08.534+07,2024-05-06 11:57:08.534+07,90,7,6,9,,
546,2,2024-09-09,2,2024-12-30,2024-05-06 11:57:08.534+07,2024-05-06 11:57:08.534+07,82,76,16,6,,
547,3,2024-09-09,2,2024-12-30,2024-05-06 11:57:08.534+07,2024-05-06 11:57:08.534+07,82,76,17,6,,
548,3,2024-09-02,2,2024-12-23,2024-05-06 11:57:08.534+07,2024-05-06 11:57:08.534+07,103,53,12,6,,
431,1,2024-09-02,2,2024-12-23,2024-05-06 11:57:08.534+07,2024-05-06 11:57:08.534+07,34,103,37,1,,
432,2,2024-09-02,2,2024-12-23,2024-05-06 11:57:08.534+07,2024-05-06 11:57:08.534+07,34,103,37,1,,
433,3,2024-09-02,2,2024-12-23,2024-05-06 11:57:08.534+07,2024-05-06 11:57:08.534+07,26,2,41,1,,
434,4,2024-09-02,2,2024-12-23,2024-05-06 11:57:08.534+07,2024-05-06 11:57:08.534+07,55,54,12,1,,
435,4,2024-09-02,2,2024-12-23,2024-05-06 11:57:08.534+07,2024-05-06 11:57:08.534+07,55,54,13,1,,
436,4,2024-09-02,2,2024-12-23,2024-05-06 11:57:08.534+07,2024-05-06 11:57:08.534+07,55,54,14,1,,
549,3,2024-09-02,2,2024-12-23,2024-05-06 11:57:08.534+07,2024-05-06 11:57:08.534+07,103,53,13,6,,
550,3,2024-09-02,2,2024-12-23,2024-05-06 11:57:08.534+07,2024-05-06 11:57:08.534+07,103,53,14,6,,
551,3,2024-09-02,2,2024-12-23,2024-05-06 11:57:08.534+07,2024-05-06 11:57:08.534+07,103,53,15,6,,
552,5,2024-09-02,2,2024-12-23,2024-05-06 11:57:08.534+07,2024-05-06 11:57:08.534+07,109,36,8,6,,
553,3,2024-09-10,2,2024-12-17,2024-05-06 11:57:08.534+07,2024-05-06 11:57:08.534+07,89,11,36,6,,
426,3,2024-09-09,2,2024-12-30,2024-05-06 11:57:08.534+07,2024-05-06 11:57:08.534+07,4,100,10,1,,
427,5,2024-09-09,2,2024-12-30,2024-05-06 11:57:08.534+07,2024-05-06 11:57:08.534+07,2,1,14,1,,
428,5,2024-09-09,2,2024-12-30,2024-05-06 11:57:08.534+07,2024-05-06 11:57:08.534+07,94,1,14,1,,
429,6,2024-09-09,2,2024-12-30,2024-05-06 11:57:08.534+07,2024-05-06 11:57:08.534+07,2,1,13,1,,
430,6,2024-09-09,2,2024-12-30,2024-05-06 11:57:08.534+07,2024-05-06 11:57:08.534+07,94,1,13,1,,
531,2,2024-09-02,1,2024-12-30,2024-05-06 11:57:08.534+07,2024-05-06 11:57:08.534+07,123,3,32,9,,
532,3,2024-09-02,1,2024-12-30,2024-05-06 11:57:08.534+07,2024-05-06 11:57:08.534+07,123,3,43,9,,
533,4,2024-09-09,2,2024-12-30,2024-05-06 11:57:08.534+07,2024-05-06 11:57:08.534+07,115,110,37,9,,
534,2,2024-09-03,1,2024-12-24,2024-05-06 11:57:08.534+07,2024-05-06 11:57:08.534+07,90,11,34,9,,
535,3,2024-09-03,1,2024-12-24,2024-05-06 11:57:08.534+07,2024-05-06 11:57:08.534+07,90,11,33,9,,
536,4,2024-09-03,1,2024-12-24,2024-05-06 11:57:08.534+07,2024-05-06 11:57:08.534+07,90,11,32,9,,
537,5,2024-09-03,1,2024-12-24,2024-05-06 11:57:08.534+07,2024-05-06 11:57:08.534+07,90,11,35,9,,
538,2,2024-09-04,1,2024-12-25,2024-05-06 11:57:08.534+07,2024-05-06 11:57:08.534+07,123,41,18,9,,
539,3,2024-09-04,1,2024-12-25,2024-05-06 11:57:08.534+07,2024-05-06 11:57:08.534+07,123,3,41,9,,
540,3,2024-09-12,2,2024-12-19,2024-05-06 11:57:08.534+07,2024-05-06 11:57:08.534+07,4,109,31,9,,
541,3,2024-09-12,2,2024-12-19,2024-05-06 11:57:08.534+07,2024-05-06 11:57:08.534+07,4,109,37,9,,
542,2,2024-09-06,1,2024-12-27,2024-05-06 11:57:08.534+07,2024-05-06 11:57:08.534+07,90,7,5,9,,
543,3,2024-09-06,1,2024-12-27,2024-05-06 11:57:08.534+07,2024-05-06 11:57:08.534+07,90,7,7,9,,
554,5,2024-12-17,2,2024-12-17,2024-05-06 11:57:08.534+07,2024-05-06 11:57:08.534+07,103,53,12,6,,
555,5,2024-12-17,2,2024-12-17,2024-05-06 11:57:08.534+07,2024-05-06 11:57:08.534+07,103,53,13,6,,
556,5,2024-12-17,2,2024-12-17,2024-05-06 11:57:08.534+07,2024-05-06 11:57:08.534+07,103,53,14,6,,
557,5,2024-12-17,2,2024-12-17,2024-05-06 11:57:08.534+07,2024-05-06 11:57:08.534+07,103,53,15,6,,
558,6,2024-09-10,2,2024-12-03,2024-05-06 11:57:08.534+07,2024-05-06 11:57:08.534+07,103,53,12,6,,
559,6,2024-09-10,2,2024-12-03,2024-05-06 11:57:08.534+07,2024-05-06 11:57:08.534+07,103,53,13,6,,
560,6,2024-09-10,2,2024-12-03,2024-05-06 11:57:08.534+07,2024-05-06 11:57:08.534+07,103,53,14,6,,
561,6,2024-09-10,2,2024-12-03,2024-05-06 11:57:08.534+07,2024-05-06 11:57:08.534+07,103,53,15,6,,
562,3,2024-09-03,2,2024-11-12,2024-05-06 11:57:08.534+07,2024-05-06 11:57:08.534+07,89,106,28,6,,
563,3,2024-09-03,2,2024-11-12,2024-05-06 11:57:08.534+07,2024-05-06 11:57:08.534+07,89,106,29,6,,
564,3,2024-09-03,2,2024-11-12,2024-05-06 11:57:08.534+07,2024-05-06 11:57:08.534+07,89,106,30,6,,
565,4,2024-09-03,2,2024-10-29,2024-05-06 11:57:08.534+07,2024-05-06 11:57:08.534+07,52,93,29,6,,
566,4,2024-09-03,2,2024-10-29,2024-05-06 11:57:08.534+07,2024-05-06 11:57:08.534+07,52,93,30,6,,
567,4,2024-09-17,2,2024-11-12,2024-05-06 11:57:08.534+07,2024-05-06 11:57:08.534+07,89,96,30,6,,
568,4,2024-11-12,2,2024-11-12,2024-05-06 11:57:08.534+07,2024-05-06 11:57:08.534+07,31,96,28,6,,
569,4,2024-11-12,2,2024-11-12,2024-05-06 11:57:08.534+07,2024-05-06 11:57:08.534+07,52,96,28,6,,
570,4,2024-11-12,2,2024-11-12,2024-05-06 11:57:08.534+07,2024-05-06 11:57:08.534+07,52,96,29,6,,
571,4,2024-11-12,2,2024-11-12,2024-05-06 11:57:08.534+07,2024-05-06 11:57:08.534+07,52,96,30,6,,
572,5,2024-12-10,2,2024-12-24,2024-05-06 11:57:08.534+07,2024-05-06 11:57:08.534+07,103,53,12,6,,
573,5,2024-12-10,2,2024-12-24,2024-05-06 11:57:08.534+07,2024-05-06 11:57:08.534+07,103,53,13,6,,
574,5,2024-12-10,2,2024-12-24,2024-05-06 11:57:08.534+07,2024-05-06 11:57:08.534+07,103,53,14,6,,
575,5,2024-12-10,2,2024-12-24,2024-05-06 11:57:08.534+07,2024-05-06 11:57:08.534+07,103,53,15,6,,
576,5,2024-09-03,2,2024-12-03,2024-05-06 11:57:08.534+07,2024-05-06 11:57:08.534+07,89,55,12,6,,
438,5,2024-09-02,2,2024-12-23,2024-05-06 11:57:08.534+07,2024-05-06 11:57:08.534+07,2,1,15,1,,
439,5,2024-09-02,2,2024-12-23,2024-05-06 11:57:08.534+07,2024-05-06 11:57:08.534+07,94,1,15,1,,
294,2,2024-09-10,2,2024-12-24,2024-05-06 11:57:08.534+07,2024-05-06 11:57:08.534+07,118,35,32,2,,
295,4,2024-09-10,2,2024-12-24,2024-05-06 11:57:08.534+07,2024-05-06 11:57:08.534+07,16,45,18,2,,
296,4,2024-09-10,2,2024-12-24,2024-05-06 11:57:08.534+07,2024-05-06 11:57:08.534+07,16,45,19,2,,
297,4,2024-09-10,2,2024-12-24,2024-05-06 11:57:08.534+07,2024-05-06 11:57:08.534+07,16,45,20,2,,
298,4,2024-09-10,2,2024-12-24,2024-05-06 11:57:08.534+07,2024-05-06 11:57:08.534+07,16,45,21,2,,
299,4,2024-09-10,2,2024-12-24,2024-05-06 11:57:08.534+07,2024-05-06 11:57:08.534+07,95,45,18,2,,
300,4,2024-09-10,2,2024-12-24,2024-05-06 11:57:08.534+07,2024-05-06 11:57:08.534+07,95,45,19,2,,
301,4,2024-09-10,2,2024-12-24,2024-05-06 11:57:08.534+07,2024-05-06 11:57:08.534+07,95,45,20,2,,
302,4,2024-09-10,2,2024-12-24,2024-05-06 11:57:08.534+07,2024-05-06 11:57:08.534+07,95,45,21,2,,
303,6,2024-09-10,2,2024-12-24,2024-05-06 11:57:08.534+07,2024-05-06 11:57:08.534+07,16,45,20,2,,
304,6,2024-09-10,2,2024-12-24,2024-05-06 11:57:08.534+07,2024-05-06 11:57:08.534+07,16,45,21,2,,
305,6,2024-09-10,2,2024-12-24,2024-05-06 11:57:08.534+07,2024-05-06 11:57:08.534+07,95,45,20,2,,
306,6,2024-09-10,2,2024-12-24,2024-05-06 11:57:08.534+07,2024-05-06 11:57:08.534+07,95,45,21,2,,
307,4,2024-09-17,2,2024-12-24,2024-05-06 11:57:08.534+07,2024-05-06 11:57:08.534+07,33,49,18,2,,
308,4,2024-09-17,2,2024-12-24,2024-05-06 11:57:08.534+07,2024-05-06 11:57:08.534+07,33,49,18,2,,
309,4,2024-09-17,2,2024-12-24,2024-05-06 11:57:08.534+07,2024-05-06 11:57:08.534+07,31,99,38,2,,
310,4,2024-09-17,2,2024-12-24,2024-05-06 11:57:08.534+07,2024-05-06 11:57:08.534+07,31,99,39,2,,
311,4,2024-09-17,2,2024-12-24,2024-05-06 11:57:08.534+07,2024-05-06 11:57:08.534+07,31,99,40,2,,
312,4,2024-09-17,2,2024-12-24,2024-05-06 11:57:08.534+07,2024-05-06 11:57:08.534+07,109,99,38,2,,
313,4,2024-09-17,2,2024-12-24,2024-05-06 11:57:08.534+07,2024-05-06 11:57:08.534+07,109,99,39,2,,
314,4,2024-09-17,2,2024-12-24,2024-05-06 11:57:08.534+07,2024-05-06 11:57:08.534+07,109,99,40,2,,
315,5,2024-09-03,1,2024-12-03,2024-05-06 11:57:08.534+07,2024-05-06 11:57:08.534+07,103,55,12,2,,
316,5,2024-09-03,1,2024-12-03,2024-05-06 11:57:08.534+07,2024-05-06 11:57:08.534+07,103,55,13,2,,
317,5,2024-09-03,1,2024-12-03,2024-05-06 11:57:08.534+07,2024-05-06 11:57:08.534+07,103,55,14,2,,
318,5,2024-09-03,1,2024-12-03,2024-05-06 11:57:08.534+07,2024-05-06 11:57:08.534+07,103,55,15,2,,
319,6,2024-09-03,2,2024-12-24,2024-05-06 11:57:08.534+07,2024-05-06 11:57:08.534+07,33,49,20,2,,
320,6,2024-09-03,2,2024-12-24,2024-05-06 11:57:08.534+07,2024-05-06 11:57:08.534+07,33,49,21,2,,
321,2,2024-09-11,2,2024-12-18,2024-05-06 11:57:08.534+07,2024-05-06 11:57:08.534+07,45,31,16,2,,
322,3,2024-09-11,2,2024-12-18,2024-05-06 11:57:08.534+07,2024-05-06 11:57:08.534+07,45,31,17,2,,
323,3,2024-09-11,2,2024-12-18,2024-05-06 11:57:08.534+07,2024-05-06 11:57:08.534+07,120,31,16,2,,
324,2,2024-09-04,2,2024-12-25,2024-05-06 11:57:08.534+07,2024-05-06 11:57:08.534+07,119,75,10,2,,
325,3,2024-09-04,2,2024-12-25,2024-05-06 11:57:08.534+07,2024-05-06 11:57:08.534+07,119,75,11,2,,
326,4,2024-09-12,1,2024-12-19,2024-05-06 11:57:08.534+07,2024-05-06 11:57:08.534+07,33,17,13,2,,
327,4,2024-09-12,2,2024-12-19,2024-05-06 11:57:08.534+07,2024-05-06 11:57:08.534+07,61,17,13,2,,
328,5,2024-09-12,1,2024-12-19,2024-05-06 11:57:08.534+07,2024-05-06 11:57:08.534+07,33,17,14,2,,
329,5,2024-09-12,2,2024-12-19,2024-05-06 11:57:08.534+07,2024-05-06 11:57:08.534+07,61,17,14,2,,
330,6,2024-09-12,2,2024-12-19,2024-05-06 11:57:08.534+07,2024-05-06 11:57:08.534+07,16,93,39,2,,
331,6,2024-09-12,2,2024-12-19,2024-05-06 11:57:08.534+07,2024-05-06 11:57:08.534+07,16,93,40,2,,
332,6,2024-09-12,2,2024-12-19,2024-05-06 11:57:08.534+07,2024-05-06 11:57:08.534+07,52,93,39,2,,
333,6,2024-09-12,2,2024-12-19,2024-05-06 11:57:08.534+07,2024-05-06 11:57:08.534+07,52,93,40,2,,
334,6,2024-09-05,2,2024-12-26,2024-05-06 11:57:08.534+07,2024-05-06 11:57:08.534+07,55,100,11,2,,
335,1,2024-09-06,1,2024-12-27,2024-05-06 11:57:08.534+07,2024-05-06 11:57:08.534+07,118,35,33,2,,
336,2,2024-09-06,1,2024-12-27,2024-05-06 11:57:08.534+07,2024-05-06 11:57:08.534+07,118,35,32,2,,
337,5,2024-09-06,2,2024-10-25,2024-05-06 11:57:08.534+07,2024-05-06 11:57:08.534+07,16,101,38,2,,
338,5,2024-09-06,2,2024-10-25,2024-05-06 11:57:08.534+07,2024-05-06 11:57:08.534+07,16,101,39,2,,
339,5,2024-09-06,2,2024-10-25,2024-05-06 11:57:08.534+07,2024-05-06 11:57:08.534+07,16,101,40,2,,
340,5,2024-09-14,2,2024-12-21,2024-05-06 11:57:08.534+07,2024-05-06 11:57:08.534+07,62,56,12,2,,
341,5,2024-09-14,2,2024-12-21,2024-05-06 11:57:08.534+07,2024-05-06 11:57:08.534+07,62,56,13,2,,
342,5,2024-09-14,2,2024-12-21,2024-05-06 11:57:08.534+07,2024-05-06 11:57:08.534+07,62,56,14,2,,
343,5,2024-09-14,2,2024-12-21,2024-05-06 11:57:08.534+07,2024-05-06 11:57:08.534+07,62,56,15,2,,
344,6,2024-09-14,2,2024-10-26,2024-05-06 11:57:08.534+07,2024-05-06 11:57:08.534+07,62,56,12,2,,
345,6,2024-09-14,2,2024-10-26,2024-05-06 11:57:08.534+07,2024-05-06 11:57:08.534+07,62,56,13,2,,
346,6,2024-09-14,2,2024-10-26,2024-05-06 11:57:08.534+07,2024-05-06 11:57:08.534+07,62,56,14,2,,
347,6,2024-09-14,2,2024-10-26,2024-05-06 11:57:08.534+07,2024-05-06 11:57:08.534+07,62,56,15,2,,
348,4,2024-09-21,2,2024-11-02,2024-05-06 11:57:08.534+07,2024-05-06 11:57:08.534+07,62,101,38,2,,
349,4,2024-09-21,2,2024-11-02,2024-05-06 11:57:08.534+07,2024-05-06 11:57:08.534+07,62,101,39,2,,
350,4,2024-09-21,2,2024-11-02,2024-05-06 11:57:08.534+07,2024-05-06 11:57:08.534+07,62,101,40,2,,
351,6,2024-09-21,2,2024-11-02,2024-05-06 11:57:08.534+07,2024-05-06 11:57:08.534+07,62,101,38,2,,
352,6,2024-09-21,2,2024-11-02,2024-05-06 11:57:08.534+07,2024-05-06 11:57:08.534+07,62,101,39,2,,
353,6,2024-09-21,2,2024-11-02,2024-05-06 11:57:08.534+07,2024-05-06 11:57:08.534+07,62,101,40,2,,
354,5,2024-09-02,1,2024-12-30,2024-05-06 11:57:08.534+07,2024-05-06 11:57:08.534+07,33,17,12,3,,
355,6,2024-09-02,1,2024-12-30,2024-05-06 11:57:08.534+07,2024-05-06 11:57:08.534+07,33,17,15,3,,
356,2,2024-09-02,2,2024-12-23,2024-05-06 11:57:08.534+07,2024-05-06 11:57:08.534+07,91,98,38,3,,
357,1,2024-09-10,2,2024-12-17,2024-05-06 11:57:08.534+07,2024-05-06 11:57:08.534+07,118,35,33,3,,
577,5,2024-09-03,2,2024-12-03,2024-05-06 11:57:08.534+07,2024-05-06 11:57:08.534+07,89,55,14,6,,
578,5,2024-09-03,2,2024-12-03,2024-05-06 11:57:08.534+07,2024-05-06 11:57:08.534+07,89,55,15,6,,
579,5,2024-09-10,2,2024-12-10,2024-05-06 11:57:08.534+07,2024-05-06 11:57:08.534+07,89,55,13,6,,
580,6,2024-09-03,2,2024-11-26,2024-05-06 11:57:08.534+07,2024-05-06 11:57:08.534+07,103,53,12,6,,
581,6,2024-09-03,2,2024-11-26,2024-05-06 11:57:08.534+07,2024-05-06 11:57:08.534+07,103,53,13,6,,
582,6,2024-09-03,2,2024-11-26,2024-05-06 11:57:08.534+07,2024-05-06 11:57:08.534+07,103,53,14,6,,
583,6,2024-09-03,2,2024-11-26,2024-05-06 11:57:08.534+07,2024-05-06 11:57:08.534+07,103,53,15,6,,
584,2,2024-09-11,2,2024-12-04,2024-05-06 11:57:08.534+07,2024-05-06 11:57:08.534+07,89,111,39,6,,
585,2,2024-09-11,2,2024-12-04,2024-05-06 11:57:08.534+07,2024-05-06 11:57:08.534+07,89,111,40,6,,
586,2,2024-09-25,2,2024-12-18,2024-05-06 11:57:08.534+07,2024-05-06 11:57:08.534+07,89,112,39,6,,
587,2,2024-09-25,2,2024-12-18,2024-05-06 11:57:08.534+07,2024-05-06 11:57:08.534+07,89,112,40,6,,
588,3,2024-09-11,2,2024-12-18,2024-05-06 11:57:08.534+07,2024-05-06 11:57:08.534+07,89,111,39,6,,
589,3,2024-09-11,2,2024-12-18,2024-05-06 11:57:08.534+07,2024-05-06 11:57:08.534+07,89,111,40,6,,
590,3,2024-09-11,2,2024-12-18,2024-05-06 11:57:08.534+07,2024-05-06 11:57:08.534+07,103,111,39,6,,
591,3,2024-09-11,2,2024-12-18,2024-05-06 11:57:08.534+07,2024-05-06 11:57:08.534+07,103,111,40,6,,
592,4,2024-09-11,2,2024-12-18,2024-05-06 11:57:08.534+07,2024-05-06 11:57:08.534+07,89,112,39,6,,
593,4,2024-09-11,2,2024-12-18,2024-05-06 11:57:08.534+07,2024-05-06 11:57:08.534+07,89,112,40,6,,
594,4,2024-09-11,2,2024-12-18,2024-05-06 11:57:08.534+07,2024-05-06 11:57:08.534+07,103,112,39,6,,
595,4,2024-09-11,2,2024-12-18,2024-05-06 11:57:08.534+07,2024-05-06 11:57:08.534+07,103,112,40,6,,
596,6,2024-09-11,2,2024-10-09,2024-05-06 11:57:08.534+07,2024-05-06 11:57:08.534+07,31,88,28,6,,
597,6,2024-09-11,2,2024-10-09,2024-05-06 11:57:08.534+07,2024-05-06 11:57:08.534+07,31,88,29,6,,
598,6,2024-09-11,2,2024-10-09,2024-05-06 11:57:08.534+07,2024-05-06 11:57:08.534+07,31,88,30,6,,
599,6,2024-10-09,2,2024-10-09,2024-05-06 11:57:08.534+07,2024-05-06 11:57:08.534+07,52,88,28,6,,
600,6,2024-10-09,2,2024-10-09,2024-05-06 11:57:08.534+07,2024-05-06 11:57:08.534+07,52,88,29,6,,
601,6,2024-10-09,2,2024-10-09,2024-05-06 11:57:08.534+07,2024-05-06 11:57:08.534+07,52,88,30,6,,
602,2,2024-09-04,2,2024-12-25,2024-05-06 11:57:08.534+07,2024-05-06 11:57:08.534+07,60,52,16,6,,
603,3,2024-09-04,2,2024-12-25,2024-05-06 11:57:08.534+07,2024-05-06 11:57:08.534+07,89,11,36,6,,
604,4,2024-09-04,2,2024-12-25,2024-05-06 11:57:08.534+07,2024-05-06 11:57:08.534+07,89,106,28,6,,
605,4,2024-09-04,2,2024-12-25,2024-05-06 11:57:08.534+07,2024-05-06 11:57:08.534+07,89,106,29,6,,
358,2,2024-09-10,2,2024-12-17,2024-05-06 11:57:08.534+07,2024-05-06 11:57:08.534+07,118,35,32,3,,
359,4,2024-09-10,2,2024-12-17,2024-05-06 11:57:08.534+07,2024-05-06 11:57:08.534+07,16,45,18,3,,
360,4,2024-09-10,2,2024-12-17,2024-05-06 11:57:08.534+07,2024-05-06 11:57:08.534+07,16,45,19,3,,
361,4,2024-09-10,2,2024-12-17,2024-05-06 11:57:08.534+07,2024-05-06 11:57:08.534+07,16,45,20,3,,
362,4,2024-09-10,2,2024-12-17,2024-05-06 11:57:08.534+07,2024-05-06 11:57:08.534+07,16,45,21,3,,
363,4,2024-09-10,2,2024-12-17,2024-05-06 11:57:08.534+07,2024-05-06 11:57:08.534+07,95,45,18,3,,
364,4,2024-09-10,2,2024-12-17,2024-05-06 11:57:08.534+07,2024-05-06 11:57:08.534+07,95,45,19,3,,
365,4,2024-09-10,2,2024-12-17,2024-05-06 11:57:08.534+07,2024-05-06 11:57:08.534+07,95,45,20,3,,
366,4,2024-09-10,2,2024-12-17,2024-05-06 11:57:08.534+07,2024-05-06 11:57:08.534+07,95,45,21,3,,
367,6,2024-09-10,2,2024-12-17,2024-05-06 11:57:08.534+07,2024-05-06 11:57:08.534+07,16,45,20,3,,
368,6,2024-09-10,2,2024-12-17,2024-05-06 11:57:08.534+07,2024-05-06 11:57:08.534+07,16,45,21,3,,
369,6,2024-09-10,2,2024-12-17,2024-05-06 11:57:08.534+07,2024-05-06 11:57:08.534+07,95,45,20,3,,
370,6,2024-09-10,2,2024-12-17,2024-05-06 11:57:08.534+07,2024-05-06 11:57:08.534+07,95,45,21,3,,
371,4,2024-09-17,2,2024-12-24,2024-05-06 11:57:08.534+07,2024-05-06 11:57:08.534+07,33,49,18,3,,
372,4,2024-09-17,2,2024-12-24,2024-05-06 11:57:08.534+07,2024-05-06 11:57:08.534+07,33,49,19,3,,
373,4,2024-09-17,2,2024-12-24,2024-05-06 11:57:08.534+07,2024-05-06 11:57:08.534+07,31,99,38,3,,
374,4,2024-09-17,2,2024-12-24,2024-05-06 11:57:08.534+07,2024-05-06 11:57:08.534+07,31,99,39,3,,
375,4,2024-09-17,2,2024-12-24,2024-05-06 11:57:08.534+07,2024-05-06 11:57:08.534+07,31,99,40,3,,
376,4,2024-09-17,2,2024-12-24,2024-05-06 11:57:08.534+07,2024-05-06 11:57:08.534+07,109,99,38,3,,
377,4,2024-09-17,2,2024-12-24,2024-05-06 11:57:08.534+07,2024-05-06 11:57:08.534+07,109,99,39,3,,
378,4,2024-09-17,2,2024-12-24,2024-05-06 11:57:08.534+07,2024-05-06 11:57:08.534+07,109,99,40,3,,
379,5,2024-09-03,2,2024-11-12,2024-05-06 11:57:08.534+07,2024-05-06 11:57:08.534+07,16,93,29,3,,
380,5,2024-09-03,2,2024-11-12,2024-05-06 11:57:08.534+07,2024-05-06 11:57:08.534+07,16,93,30,3,,
381,5,2024-09-03,2,2024-11-12,2024-05-06 11:57:08.534+07,2024-05-06 11:57:08.534+07,52,93,29,3,,
382,5,2024-09-03,2,2024-11-12,2024-05-06 11:57:08.534+07,2024-05-06 11:57:08.534+07,52,93,30,3,,
383,6,2024-09-03,2,2024-12-24,2024-05-06 11:57:08.534+07,2024-05-06 11:57:08.534+07,33,49,20,3,,
384,6,2024-09-03,2,2024-12-24,2024-05-06 11:57:08.534+07,2024-05-06 11:57:08.534+07,33,49,21,3,,
385,1,2024-09-11,2,2024-12-18,2024-05-06 11:57:08.534+07,2024-05-06 11:57:08.534+07,64,17,10,3,,
386,2,2024-09-11,2,2024-12-18,2024-05-06 11:57:08.534+07,2024-05-06 11:57:08.534+07,64,17,11,3,,
387,4,2024-09-11,2,2024-11-23,2024-05-06 11:57:08.534+07,2024-05-06 11:57:08.534+07,120,102,28,3,,
388,5,2024-09-11,2,2024-10-09,2024-05-06 11:57:08.534+07,2024-05-06 11:57:08.534+07,120,102,28,3,,
606,4,2024-09-04,2,2024-12-25,2024-05-06 11:57:08.534+07,2024-05-06 11:57:08.534+07,89,106,30,6,,
607,4,2024-09-04,2,2024-12-25,2024-05-06 11:57:08.534+07,2024-05-06 11:57:08.534+07,103,106,28,6,,
608,4,2024-09-04,2,2024-12-25,2024-05-06 11:57:08.534+07,2024-05-06 11:57:08.534+07,103,106,29,6,,
609,4,2024-09-04,2,2024-12-25,2024-05-06 11:57:08.534+07,2024-05-06 11:57:08.534+07,103,106,30,6,,
610,5,2024-09-04,2,2024-12-25,2024-05-06 11:57:08.534+07,2024-05-06 11:57:08.534+07,89,96,28,6,,
611,5,2024-09-04,2,2024-12-25,2024-05-06 11:57:08.534+07,2024-05-06 11:57:08.534+07,89,96,29,6,,
612,5,2024-09-04,2,2024-12-25,2024-05-06 11:57:08.534+07,2024-05-06 11:57:08.534+07,89,96,30,6,,
613,5,2024-09-04,2,2024-12-25,2024-05-06 11:57:08.534+07,2024-05-06 11:57:08.534+07,103,96,28,6,,
614,5,2024-09-04,2,2024-12-25,2024-05-06 11:57:08.534+07,2024-05-06 11:57:08.534+07,103,96,29,6,,
615,5,2024-09-04,2,2024-12-25,2024-05-06 11:57:08.534+07,2024-05-06 11:57:08.534+07,103,96,30,6,,
616,4,2024-09-12,2,2024-12-19,2024-05-06 11:57:08.534+07,2024-05-06 11:57:08.534+07,31,37,14,6,,
617,5,2024-09-12,2,2024-12-19,2024-05-06 11:57:08.534+07,2024-05-06 11:57:08.534+07,31,37,13,6,,
618,6,2024-09-12,2,2024-12-05,2024-05-06 11:57:08.534+07,2024-05-06 11:57:08.534+07,31,37,12,6,,
619,6,2024-09-26,2,2024-12-19,2024-05-06 11:57:08.534+07,2024-05-06 11:57:08.534+07,31,37,15,6,,
620,3,2024-09-05,2,2024-12-26,2024-05-06 11:57:08.534+07,2024-05-06 11:57:08.534+07,82,114,37,6,,
621,4,2024-09-05,2,2024-12-26,2024-05-06 11:57:08.534+07,2024-05-06 11:57:08.534+07,82,114,37,6,,
622,2,2024-09-27,2,2024-12-20,2024-05-06 11:57:08.534+07,2024-05-06 11:57:08.534+07,89,51,18,6,,
623,2,2024-09-27,2,2024-12-20,2024-05-06 11:57:08.534+07,2024-05-06 11:57:08.534+07,89,51,19,6,,
624,3,2024-09-27,2,2024-12-20,2024-05-06 11:57:08.534+07,2024-05-06 11:57:08.534+07,89,51,18,6,,
625,3,2024-09-27,2,2024-12-20,2024-05-06 11:57:08.534+07,2024-05-06 11:57:08.534+07,89,51,19,6,,
626,4,2024-09-27,2,2024-12-20,2024-05-06 11:57:08.534+07,2024-05-06 11:57:08.534+07,89,51,20,6,,
627,4,2024-09-27,2,2024-12-20,2024-05-06 11:57:08.534+07,2024-05-06 11:57:08.534+07,89,51,21,6,,
628,5,2024-09-27,2,2024-12-20,2024-05-06 11:57:08.534+07,2024-05-06 11:57:08.534+07,89,51,20,6,,
629,5,2024-09-27,2,2024-12-20,2024-05-06 11:57:08.534+07,2024-05-06 11:57:08.534+07,89,51,21,6,,
630,2,2024-09-06,2,2024-12-27,2024-05-06 11:57:08.534+07,2024-05-06 11:57:08.534+07,89,108,39,6,,
631,2,2024-09-06,2,2024-12-27,2024-05-06 11:57:08.534+07,2024-05-06 11:57:08.534+07,89,108,40,6,,
632,3,2024-09-06,2,2024-12-27,2024-05-06 11:57:08.534+07,2024-05-06 11:57:08.534+07,89,115,39,6,,
633,3,2024-09-06,2,2024-12-27,2024-05-06 11:57:08.534+07,2024-05-06 11:57:08.534+07,89,115,40,6,,
634,4,2024-09-06,2,2024-12-27,2024-05-06 11:57:08.534+07,2024-05-06 11:57:08.534+07,89,115,39,6,,
635,4,2024-09-06,2,2024-12-27,2024-05-06 11:57:08.534+07,2024-05-06 11:57:08.534+07,89,115,40,6,,
636,4,2024-09-06,2,2024-12-27,2024-05-06 11:57:08.534+07,2024-05-06 11:57:08.534+07,103,115,39,6,,
637,4,2024-09-06,2,2024-12-27,2024-05-06 11:57:08.534+07,2024-05-06 11:57:08.534+07,103,115,40,6,,
638,2,2024-09-14,2,2024-10-26,2024-05-06 11:57:08.534+07,2024-05-06 11:57:08.534+07,107,111,38,6,,
639,2,2024-09-14,2,2024-12-21,2024-05-06 11:57:08.534+07,2024-05-06 11:57:08.534+07,107,113,37,6,,
640,3,2024-09-14,2,2024-12-21,2024-05-06 11:57:08.534+07,2024-05-06 11:57:08.534+07,107,111,38,6,,
641,3,2024-09-14,2,2024-12-21,2024-05-06 11:57:08.534+07,2024-05-06 11:57:08.534+07,107,113,37,6,,
642,6,2024-09-21,2,2024-12-14,2024-05-06 11:57:08.534+07,2024-05-06 11:57:08.534+07,31,37,14,6,,
643,6,2024-10-05,2,2024-12-28,2024-05-06 11:57:08.534+07,2024-05-06 11:57:08.534+07,31,37,13,6,,
670,5,2024-09-04,2,2024-12-25,2024-05-06 11:57:08.534+07,2024-05-06 11:57:08.534+07,103,96,29,7,,
671,5,2024-09-04,2,2024-12-25,2024-05-06 11:57:08.534+07,2024-05-06 11:57:08.534+07,103,96,30,7,,
672,4,2024-09-12,2,2024-12-19,2024-05-06 11:57:08.534+07,2024-05-06 11:57:08.534+07,4,109,31,7,,
673,4,2024-09-12,2,2024-12-19,2024-05-06 11:57:08.534+07,2024-05-06 11:57:08.534+07,4,109,37,7,,
674,5,2024-09-05,2,2024-12-26,2024-05-06 11:57:08.534+07,2024-05-06 11:57:08.534+07,94,74,11,7,,
675,6,2024-09-05,2,2024-12-26,2024-05-06 11:57:08.534+07,2024-05-06 11:57:08.534+07,94,74,10,7,,
676,2,2024-09-27,2,2024-12-20,2024-05-06 11:57:08.534+07,2024-05-06 11:57:08.534+07,33,51,18,7,,
677,2,2024-09-27,2,2024-12-20,2024-05-06 11:57:08.534+07,2024-05-06 11:57:08.534+07,33,51,19,7,,
678,3,2024-09-27,2,2024-12-20,2024-05-06 11:57:08.534+07,2024-05-06 11:57:08.534+07,33,51,18,7,,
679,3,2024-09-27,2,2024-12-20,2024-05-06 11:57:08.534+07,2024-05-06 11:57:08.534+07,33,51,19,7,,
680,4,2024-09-27,2,2024-12-20,2024-05-06 11:57:08.534+07,2024-05-06 11:57:08.534+07,33,51,20,7,,
681,4,2024-09-27,2,2024-12-20,2024-05-06 11:57:08.534+07,2024-05-06 11:57:08.534+07,33,51,21,7,,
682,5,2024-09-27,2,2024-12-20,2024-05-06 11:57:08.534+07,2024-05-06 11:57:08.534+07,33,51,20,7,,
683,5,2024-09-27,2,2024-12-20,2024-05-06 11:57:08.534+07,2024-05-06 11:57:08.534+07,33,51,21,7,,
684,2,2024-09-07,2,2024-12-28,2024-05-06 11:57:08.534+07,2024-05-06 11:57:08.534+07,131,37,3,7,,
685,3,2024-09-07,2,2024-12-28,2024-05-06 11:57:08.534+07,2024-05-06 11:57:08.534+07,131,37,1,7,,
686,4,2024-09-07,2,2024-12-28,2024-05-06 11:57:08.534+07,2024-05-06 11:57:08.534+07,131,37,2,7,,
688,4,2025-02-10,2,2025-06-16,2025-02-26 11:35:28.971+07,2025-02-26 11:35:28.971+07,2,1,2,1,Весенний,2025
690,2,2025-02-17,2,2025-06-09,2025-03-05 15:29:05.742+07,2025-03-05 15:29:05.742+07,34,22,10,2,Весенний,2025
692,4,2025-02-17,4,2025-05-12,2025-03-09 18:33:45.604+07,2025-03-09 18:33:45.604+07,34,22,10,2,Весенний,2025
694,2,2025-02-11,1,2025-06-10,2025-03-09 18:41:49.966+07,2025-03-09 18:41:49.966+07,118,9,32,2,Весенний,2025
695,3,2025-02-11,1,2025-06-10,2025-03-09 18:43:15.18+07,2025-03-09 18:43:15.18+07,118,9,33,2,Весенний,2025
696,3,2025-02-19,2,2025-06-11,2025-03-09 18:47:53.609+07,2025-03-09 18:47:53.609+07,33,26,12,2,Весенний,2025
697,3,2025-02-19,2,2025-06-11,2025-03-09 18:50:46.746+07,2025-03-09 18:50:46.746+07,61,26,12,2,Весенний,2025
698,3,2025-02-19,2,2025-06-11,2025-03-09 18:51:53.026+07,2025-03-09 18:51:53.026+07,33,26,13,2,Весенний,2025
699,3,2025-02-19,2,2025-06-11,2025-03-09 18:52:21.552+07,2025-03-09 18:52:21.552+07,61,26,13,2,Весенний,2025
700,4,2025-02-19,2,2025-06-11,2025-03-09 18:53:02.582+07,2025-03-09 18:53:02.582+07,33,26,14,2,Весенний,2025
701,4,2025-02-19,2,2025-06-11,2025-03-09 18:53:23.579+07,2025-03-09 18:53:23.579+07,61,26,14,2,Весенний,2025
702,4,2025-02-19,2,2025-06-11,2025-03-09 18:53:54.12+07,2025-03-09 18:53:54.12+07,33,26,15,2,Весенний,2025
703,4,2025-02-19,2,2025-06-11,2025-03-09 18:54:15.469+07,2025-03-09 18:54:15.469+07,61,26,15,2,Весенний,2025
704,2,2025-02-20,2,2025-06-12,2025-03-09 19:02:32.221+07,2025-03-09 19:02:32.221+07,89,19,5,2,Весенний,2025
705,2,2025-02-20,2,2025-06-12,2025-03-09 19:03:03.174+07,2025-03-09 19:03:03.174+07,90,19,5,2,Весенний,2025
706,3,2025-02-20,2,2025-06-12,2025-03-09 19:03:51.71+07,2025-03-09 19:03:51.71+07,90,19,4,2,Весенний,2025
707,4,2025-02-20,2,2025-06-12,2025-03-09 19:04:17.782+07,2025-03-09 19:05:05.689+07,90,19,7,2,Весенний,2025
708,5,2025-02-20,2,2025-06-12,2025-03-09 19:06:24.112+07,2025-03-09 19:06:24.112+07,90,19,6,2,Весенний,2025
709,1,2025-02-21,2,2025-06-13,2025-03-09 19:09:01.257+07,2025-03-09 19:09:01.257+07,118,9,32,2,Весенний,2025
710,2,2025-02-21,2,2025-06-13,2025-03-09 19:09:31.398+07,2025-03-09 19:09:31.398+07,118,9,33,2,Весенний,2025
711,3,2025-02-21,2,2025-06-13,2025-03-09 19:10:58.628+07,2025-03-09 19:10:58.628+07,123,92,37,2,Весенний,2025
712,3,2025-02-22,2,2025-06-14,2025-03-09 19:18:34.014+07,2025-03-09 19:18:34.014+07,103,11,35,2,Весенний,2025
713,4,2025-02-22,2,2025-06-14,2025-03-09 19:19:42.272+07,2025-03-09 19:19:42.272+07,103,11,34,2,Весенний,2025
714,2,2025-02-17,2,2025-06-09,2025-03-09 19:22:42.592+07,2025-03-09 19:22:42.592+07,34,22,10,3,Весенний,2025
715,3,2025-02-17,2,2025-06-09,2025-03-09 19:23:10.321+07,2025-03-09 19:23:10.321+07,34,22,11,3,Весенний,2025
716,4,2025-02-17,4,2025-05-12,2025-03-09 19:24:45.732+07,2025-03-09 19:24:45.732+07,34,22,10,3,Весенний,2025
717,4,2025-03-03,4,2025-05-26,2025-03-09 19:25:46.476+07,2025-03-09 19:25:46.476+07,34,22,11,3,Весенний,2025
753,2,2025-02-21,2,2025-06-13,2025-03-09 20:17:25.073+07,2025-03-09 20:21:20.679+07,94,1,5,1,Весенний,2025
718,2,2025-02-11,1,2025-06-10,2025-03-09 19:29:07.076+07,2025-03-09 19:32:17.835+07,118,9,32,3,Весенний,2025
719,3,2025-02-11,1,2025-06-10,2025-03-09 19:30:34.872+07,2025-03-09 19:33:14.562+07,118,9,33,3,Весенний,2025
720,3,2025-03-19,2,2025-06-11,2025-03-09 19:34:40.872+07,2025-03-09 19:34:40.872+07,33,26,12,3,Весенний,2025
721,3,2025-03-19,2,2025-06-11,2025-03-09 19:35:03.875+07,2025-03-09 19:35:03.875+07,33,26,13,3,Весенний,2025
722,3,2025-03-19,2,2025-06-11,2025-03-09 19:35:41.499+07,2025-03-09 19:35:41.499+07,61,26,12,3,Весенний,2025
723,3,2025-03-19,2,2025-06-11,2025-03-09 19:36:18.242+07,2025-03-09 19:36:18.242+07,61,26,13,3,Весенний,2025
724,4,2025-03-19,2,2025-06-11,2025-03-09 19:36:53.62+07,2025-03-09 19:36:53.62+07,33,26,14,3,Весенний,2025
725,4,2025-03-19,2,2025-06-11,2025-03-09 19:37:15.049+07,2025-03-09 19:37:15.049+07,33,26,15,3,Весенний,2025
726,4,2025-03-19,2,2025-06-11,2025-03-09 19:37:33.869+07,2025-03-09 19:37:33.869+07,61,26,14,3,Весенний,2025
727,4,2025-03-19,2,2025-06-11,2025-03-09 19:37:56.399+07,2025-03-09 19:37:56.399+07,61,26,15,3,Весенний,2025
728,2,2025-02-20,2,2025-06-12,2025-03-09 19:40:03.631+07,2025-03-09 19:40:03.631+07,89,19,5,3,Весенний,2025
729,2,2025-02-20,2,2025-06-12,2025-03-09 19:40:28.792+07,2025-03-09 19:40:28.792+07,90,19,5,3,Весенний,2025
730,3,2025-02-20,2,2025-06-12,2025-03-09 19:41:04.489+07,2025-03-09 19:41:04.489+07,89,19,8,3,Весенний,2025
731,1,2025-02-21,2,2025-06-13,2025-03-09 19:42:47.21+07,2025-03-09 19:42:47.21+07,118,9,32,3,Весенний,2025
732,2,2025-02-21,2,2025-06-13,2025-03-09 19:43:20.831+07,2025-03-09 19:43:20.831+07,118,9,33,3,Весенний,2025
733,3,2025-02-21,2,2025-06-13,2025-03-09 19:44:10.078+07,2025-03-09 19:44:10.078+07,120,102,38,3,Весенний,2025
734,3,2025-02-22,2,2025-06-14,2025-03-09 19:45:37.564+07,2025-03-09 19:45:37.564+07,103,11,35,3,Весенний,2025
735,4,2025-02-22,2,2025-06-14,2025-03-09 19:45:58.706+07,2025-03-09 19:45:58.706+07,103,11,34,3,Весенний,2025
740,3,2025-02-10,1,2025-06-09,2025-03-09 19:58:03.352+07,2025-03-09 19:58:03.352+07,94,119,37,1,Весенний,2025
739,5,2025-02-17,2,2025-06-09,2025-03-09 19:54:30.345+07,2025-03-09 19:59:53.485+07,94,1,4,1,Весенний,2025
738,4,2025-02-17,2,2025-06-09,2025-03-09 19:54:10.298+07,2025-03-09 20:00:27.616+07,94,1,6,1,Весенний,2025
737,2,2025-02-17,2,2025-06-09,2025-03-09 19:50:08.282+07,2025-03-09 20:00:43.431+07,94,1,3,1,Весенний,2025
736,2,2025-02-17,2,2025-06-09,2025-03-09 19:49:36.339+07,2025-03-09 20:00:49.142+07,2,1,3,1,Весенний,2025
741,1,2025-02-11,1,2025-06-10,2025-03-09 20:03:11.552+07,2025-03-09 20:03:11.552+07,26,2,43,1,Весенний,2025
742,2,2025-02-11,1,2025-06-10,2025-03-09 20:03:37.46+07,2025-03-09 20:03:37.46+07,26,2,41,1,Весенний,2025
743,3,2025-02-11,1,2025-06-10,2025-03-09 20:04:22.718+07,2025-03-09 20:04:22.718+07,3,2,42,1,Весенний,2025
744,1,2025-02-19,2,2025-06-11,2025-03-09 20:06:29.462+07,2025-03-09 20:06:29.462+07,3,20,11,1,Весенний,2025
745,2,2025-02-19,2,2025-06-11,2025-03-09 20:07:05.515+07,2025-03-09 20:07:05.515+07,3,20,10,1,Весенний,2025
746,3,2025-02-19,2,2025-06-11,2025-03-09 20:07:36.025+07,2025-03-09 20:07:36.025+07,26,27,14,1,Весенний,2025
747,4,2025-02-19,2,2025-06-11,2025-03-09 20:08:02.726+07,2025-03-09 20:08:02.726+07,26,27,12,1,Весенний,2025
748,3,2025-02-20,2,2025-03-20,2025-03-09 20:12:19.003+07,2025-03-09 20:12:19.003+07,33,47,19,1,Весенний,2025
749,3,2025-02-20,2,2025-03-20,2025-03-09 20:12:42.005+07,2025-03-09 20:12:42.005+07,61,47,19,1,Весенний,2025
750,4,2025-02-20,2,2025-03-20,2025-03-09 20:13:02.138+07,2025-03-09 20:13:02.138+07,33,47,21,1,Весенний,2025
751,4,2025-02-20,2,2025-03-20,2025-03-09 20:13:35.798+07,2025-03-09 20:13:35.798+07,61,47,21,1,Весенний,2025
754,3,2025-02-21,2,2025-06-13,2025-03-09 20:18:26.091+07,2025-03-09 20:20:57.768+07,94,25,12,1,Весенний,2025
752,1,2025-02-21,2,2025-06-13,2025-03-09 20:16:58.322+07,2025-03-09 20:21:13.444+07,94,1,7,1,Весенний,2025
755,3,2025-02-21,2,2025-06-13,2025-03-09 20:18:58.517+07,2025-03-09 20:21:27.445+07,99,25,12,1,Весенний,2025
756,4,2025-02-21,2,2025-06-13,2025-03-09 20:19:59.899+07,2025-03-09 20:21:33.303+07,94,25,14,1,Весенний,2025
757,4,2025-02-21,2,2025-06-13,2025-03-09 20:20:19.828+07,2025-03-09 20:21:39.498+07,99,25,14,1,Весенний,2025
758,3,2025-02-22,2,2025-06-14,2025-03-09 20:24:31.457+07,2025-03-09 20:24:31.457+07,26,2,41,1,Весенний,2025
759,4,2025-02-22,2,2025-06-14,2025-03-09 20:24:48.538+07,2025-03-09 20:25:11.614+07,26,2,43,1,Весенний,2025
760,1,2025-02-17,2,2025-06-09,2025-03-09 20:28:03.386+07,2025-03-09 20:28:03.386+07,55,18,3,8,Весенний,2025
761,1,2025-02-17,2,2025-06-09,2025-03-09 20:28:33.875+07,2025-03-09 20:28:33.875+07,99,18,3,8,Весенний,2025
762,2,2025-02-17,2,2025-06-09,2025-03-09 20:29:24.994+07,2025-03-09 20:29:24.994+07,55,18,2,8,Весенний,2025
763,2,2025-02-17,2,2025-06-09,2025-03-09 20:29:56.421+07,2025-03-09 20:29:56.421+07,99,18,2,8,Весенний,2025
764,3,2025-02-17,2,2025-03-17,2025-03-09 20:31:15.174+07,2025-03-09 20:31:15.174+07,26,30,18,8,Весенний,2025
765,5,2025-02-17,2,2025-03-17,2025-03-09 20:31:45.21+07,2025-03-09 20:31:45.21+07,26,30,20,8,Весенний,2025
766,1,2025-02-11,1,2025-06-10,2025-03-09 20:33:24.392+07,2025-03-09 20:33:24.392+07,109,9,36,8,Весенний,2025
767,2,2025-02-11,1,2025-06-10,2025-03-09 20:33:43.456+07,2025-03-09 20:33:43.456+07,109,9,34,8,Весенний,2025
768,3,2025-02-11,1,2025-06-10,2025-03-09 20:34:02.363+07,2025-03-09 20:34:02.363+07,109,9,35,8,Весенний,2025
769,1,2025-02-19,2,2025-06-11,2025-03-09 20:42:54.185+07,2025-03-09 20:42:54.185+07,60,24,10,8,Весенний,2025
770,2,2025-02-19,2,2025-06-11,2025-03-09 20:43:23.268+07,2025-03-09 20:43:23.268+07,60,24,11,8,Весенний,2025
771,3,2025-02-19,2,2025-06-11,2025-03-09 20:43:47.955+07,2025-03-09 20:43:47.955+07,109,24,15,8,Весенний,2025
772,4,2025-02-19,2,2025-06-11,2025-03-09 20:44:09.986+07,2025-03-09 20:44:39.815+07,109,24,13,8,Весенний,2025
773,3,2025-02-20,2,2025-03-20,2025-03-09 20:46:43.106+07,2025-03-09 20:46:43.106+07,103,43,21,8,Весенний,2025
774,4,2025-02-20,2,2025-03-20,2025-03-09 20:47:13.615+07,2025-03-09 20:47:13.615+07,103,43,19,8,Весенний,2025
775,2,2025-03-07,4,2025-05-30,2025-03-09 20:49:28.649+07,2025-03-09 20:49:28.649+07,60,93,38,8,Весенний,2025
776,3,2025-02-21,2,2025-06-13,2025-03-09 20:50:19.046+07,2025-03-09 20:50:19.046+07,60,24,14,8,Весенний,2025
777,4,2025-02-21,2,2025-06-13,2025-03-09 20:50:43.595+07,2025-03-09 20:50:43.595+07,60,24,12,8,Весенний,2025
778,4,2025-02-22,2,2025-06-14,2025-03-09 20:56:06.933+07,2025-03-09 20:56:06.933+07,62,91,37,8,Весенний,2025
779,5,2025-02-22,2,2025-06-14,2025-03-09 20:56:38.229+07,2025-03-09 20:56:38.229+07,62,91,37,8,Весенний,2025
780,3,2025-02-10,1,2025-06-09,2025-03-09 21:35:49.178+07,2025-03-09 21:35:49.178+07,123,3,32,9,Весенний,2025
781,1,2025-02-11,1,2025-06-10,2025-03-09 21:36:48.997+07,2025-03-09 21:36:48.997+07,123,3,41,9,Весенний,2025
782,2,2025-02-11,1,2025-06-10,2025-03-09 21:39:40.964+07,2025-03-09 21:40:39.105+07,123,3,43,9,Весенний,2025
834,6,2025-02-13,4,2025-03-13,2025-03-09 23:30:28.094+07,2025-03-09 23:31:00.282+07,33,47,21,3,Весенний,2025
783,2,2025-02-26,1,2025-06-11,2025-03-09 21:48:30.604+07,2025-03-09 21:50:32.2+07,42,7,3,9,Весенний,2025
784,3,2025-03-05,2,2025-06-11,2025-03-09 21:50:08.932+07,2025-03-09 21:50:39.289+07,42,7,2,9,Весенний,2025
785,3,2025-02-10,2,2025-06-02,2025-03-09 21:52:36.787+07,2025-03-09 21:52:36.787+07,77,28,14,2,Весенний,2025
786,2,2025-02-21,2,2025-06-13,2025-03-09 21:52:54.608+07,2025-03-09 21:52:54.608+07,42,7,2,9,Весенний,2025
787,3,2025-02-21,2,2025-06-13,2025-03-09 21:53:18.001+07,2025-03-09 21:53:18.001+07,42,7,3,9,Весенний,2025
788,2,2025-02-17,2,2025-06-09,2025-03-09 21:56:57.05+07,2025-03-09 21:56:57.05+07,119,21,11,6,Весенний,2025
789,5,2025-02-10,2,2025-06-02,2025-03-09 21:57:03.159+07,2025-03-09 21:57:03.159+07,33,26,14,2,Весенний,2025
790,3,2025-02-17,2,2025-06-09,2025-03-09 21:57:49.609+07,2025-03-09 21:57:49.609+07,119,21,10,6,Весенний,2025
791,5,2025-02-10,2,2025-06-02,2025-03-09 21:58:56.206+07,2025-03-09 22:00:33.167+07,61,26,14,2,Весенний,2025
794,4,2025-02-17,2,2025-06-09,2025-03-09 22:00:40.947+07,2025-03-09 22:00:40.947+07,82,120,37,6,Весенний,2025
792,5,2025-02-10,2,2025-06-02,2025-03-09 21:59:52.469+07,2025-03-09 22:00:41.803+07,33,26,15,2,Весенний,2025
793,5,2025-02-10,2,2025-06-02,2025-03-09 22:00:10.664+07,2025-03-09 22:00:59.045+07,61,26,15,2,Весенний,2025
795,5,2025-02-17,2,2025-06-09,2025-03-09 22:01:29.296+07,2025-03-09 22:01:29.296+07,82,120,37,6,Весенний,2025
796,2,2025-02-12,2,2025-06-04,2025-03-09 22:21:24.82+07,2025-03-09 22:21:24.82+07,4,20,14,2,Весенний,2025
797,3,2025-02-12,2,2025-06-04,2025-03-09 22:21:51.298+07,2025-03-09 22:21:51.298+07,4,20,12,2,Весенний,2025
798,5,2025-02-12,2,2025-06-04,2025-03-09 22:22:34.063+07,2025-03-09 22:22:34.063+07,33,26,12,2,Весенний,2025
799,5,2025-02-12,2,2025-06-04,2025-03-09 22:23:01.86+07,2025-03-09 22:23:01.86+07,33,26,13,2,Весенний,2025
800,5,2025-02-12,2,2025-06-04,2025-03-09 22:23:24.898+07,2025-03-09 22:23:24.898+07,61,26,12,2,Весенний,2025
801,5,2025-02-12,2,2025-06-04,2025-03-09 22:23:48.607+07,2025-03-09 22:23:48.607+07,61,26,13,2,Весенний,2025
802,3,2025-02-15,2,2025-06-07,2025-03-09 22:35:33.326+07,2025-03-09 22:35:33.326+07,26,8,41,2,Весенний,2025
803,4,2025-02-15,2,2025-06-07,2025-03-09 22:35:53.591+07,2025-03-09 22:36:06.728+07,26,8,43,2,Весенний,2025
804,2,2025-02-14,2,2025-05-09,2025-03-09 22:39:35.941+07,2025-03-09 22:39:35.941+07,23,67,16,2,Весенний,2025
805,2,2025-02-14,2,2025-05-09,2025-03-09 22:39:57.92+07,2025-03-09 22:39:57.92+07,23,67,17,2,Весенний,2025
806,2,2025-02-14,2,2025-05-09,2025-03-09 22:40:30.696+07,2025-03-09 22:40:30.696+07,131,67,16,2,Весенний,2025
807,2,2025-02-14,2,2025-05-09,2025-03-09 22:40:48.103+07,2025-03-09 22:40:48.103+07,131,67,17,2,Весенний,2025
808,3,2025-02-14,2,2025-03-28,2025-03-09 22:43:04.066+07,2025-03-09 22:43:04.066+07,23,67,16,2,Весенний,2025
809,3,2025-02-14,2,2025-03-28,2025-03-09 22:43:27.781+07,2025-03-09 22:43:27.781+07,23,67,17,2,Весенний,2025
810,3,2025-02-14,2,2025-03-28,2025-03-09 22:43:49.612+07,2025-03-09 22:43:49.612+07,131,67,16,2,Весенний,2025
811,3,2025-02-14,2,2025-03-28,2025-03-09 22:44:03.986+07,2025-03-09 22:44:03.986+07,131,67,17,2,Весенний,2025
812,3,2025-02-13,2,2025-03-27,2025-03-09 22:58:48.166+07,2025-03-09 22:58:48.166+07,33,47,19,2,Весенний,2025
813,3,2025-02-13,2,2025-03-27,2025-03-09 22:59:21.694+07,2025-03-09 22:59:21.694+07,61,47,19,2,Весенний,2025
814,4,2025-02-13,2,2025-03-27,2025-03-09 22:59:54.848+07,2025-03-09 22:59:54.848+07,33,47,21,2,Весенний,2025
815,4,2025-02-13,2,2025-03-27,2025-03-09 23:00:17.939+07,2025-03-09 23:00:17.939+07,61,47,21,2,Весенний,2025
816,6,2025-02-13,4,2025-03-13,2025-03-09 23:01:17.696+07,2025-03-09 23:01:17.696+07,33,47,21,2,Весенний,2025
817,6,2025-02-13,4,2025-03-13,2025-03-09 23:01:51.461+07,2025-03-09 23:01:51.461+07,61,47,21,2,Весенний,2025
818,6,2025-02-27,4,2025-03-27,2025-03-09 23:02:36.101+07,2025-03-09 23:02:36.101+07,33,47,19,2,Весенний,2025
819,6,2025-02-27,4,2025-03-27,2025-03-09 23:03:03.114+07,2025-03-09 23:03:03.114+07,61,47,19,2,Весенний,2025
820,5,2025-02-10,2,2025-06-02,2025-03-09 23:11:14.964+07,2025-03-09 23:11:14.964+07,33,26,14,3,Весенний,2025
821,5,2025-02-10,2,2025-06-02,2025-03-09 23:12:27.001+07,2025-03-09 23:12:27.001+07,61,26,15,3,Весенний,2025
822,3,2025-02-12,2,2025-06-04,2025-03-09 23:14:03.736+07,2025-03-09 23:14:03.736+07,3,20,13,3,Весенний,2025
823,5,2025-02-10,2,2025-06-02,2025-03-09 23:15:22.137+07,2025-03-09 23:15:22.137+07,33,26,15,3,Весенний,2025
824,5,2025-02-10,2,2025-06-02,2025-03-09 23:15:46.487+07,2025-03-09 23:15:46.487+07,61,26,14,3,Весенний,2025
825,4,2025-02-12,2,2025-06-04,2025-03-09 23:17:14.239+07,2025-03-09 23:17:14.239+07,4,20,15,3,Весенний,2025
826,5,2025-02-12,2,2025-06-04,2025-03-09 23:17:46.059+07,2025-03-09 23:17:46.059+07,33,26,12,3,Весенний,2025
827,5,2025-02-12,2,2025-06-04,2025-03-09 23:18:04.45+07,2025-03-09 23:18:04.45+07,33,26,13,3,Весенний,2025
828,5,2025-02-12,2,2025-06-04,2025-03-09 23:18:24.022+07,2025-03-09 23:18:24.022+07,61,26,12,3,Весенний,2025
829,5,2025-02-12,2,2025-06-04,2025-03-09 23:18:43.925+07,2025-03-09 23:18:43.925+07,61,26,13,3,Весенний,2025
830,3,2025-02-13,2,2025-03-27,2025-03-09 23:21:19.755+07,2025-03-09 23:21:19.755+07,33,47,19,3,Весенний,2025
831,3,2025-02-13,2,2025-03-27,2025-03-09 23:22:03.263+07,2025-03-09 23:22:03.263+07,61,47,19,3,Весенний,2025
832,4,2025-02-13,2,2025-03-27,2025-03-09 23:28:27.817+07,2025-03-09 23:28:27.817+07,33,47,21,3,Весенний,2025
833,4,2025-02-13,2,2025-03-27,2025-03-09 23:28:54.604+07,2025-03-09 23:28:54.604+07,61,47,21,3,Весенний,2025
835,2,2025-02-12,1,2025-03-26,2025-03-09 23:31:19.12+07,2025-03-09 23:31:19.12+07,89,42,19,6,Весенний,2025
836,3,2025-02-19,2,2025-03-19,2025-03-09 23:32:23.954+07,2025-03-09 23:32:23.954+07,89,42,19,6,Весенний,2025
837,4,2025-02-19,2,2025-03-19,2025-03-09 23:33:22.887+07,2025-03-09 23:33:22.887+07,89,42,21,6,Весенний,2025
838,6,2025-02-13,4,2025-03-13,2025-03-09 23:33:53.765+07,2025-03-09 23:33:53.765+07,61,47,21,3,Весенний,2025
839,6,2025-02-27,4,2025-03-27,2025-03-09 23:35:29.087+07,2025-03-09 23:35:29.087+07,33,47,19,3,Весенний,2025
840,6,2025-02-27,4,2025-03-27,2025-03-09 23:36:04.681+07,2025-03-09 23:36:04.681+07,61,47,19,3,Весенний,2025
841,4,2025-02-20,2,2025-06-12,2025-03-09 23:38:25.519+07,2025-03-09 23:38:25.519+07,31,96,38,6,Весенний,2025
842,4,2025-02-20,2,2025-06-12,2025-03-09 23:39:11.67+07,2025-03-09 23:39:11.67+07,31,96,39,6,Весенний,2025
843,4,2025-02-20,2,2025-06-12,2025-03-09 23:39:51.628+07,2025-03-09 23:39:51.628+07,31,96,40,6,Весенний,2025
844,4,2025-02-20,2,2025-06-12,2025-03-09 23:40:13.357+07,2025-03-09 23:40:13.357+07,89,96,38,6,Весенний,2025
845,4,2025-02-20,2,2025-06-12,2025-03-09 23:40:35.784+07,2025-03-09 23:40:35.784+07,89,96,39,6,Весенний,2025
846,4,2025-02-20,2,2025-06-12,2025-03-09 23:40:54.842+07,2025-03-09 23:40:54.842+07,89,96,40,6,Весенний,2025
847,5,2025-02-20,2,2025-06-12,2025-03-09 23:41:48.638+07,2025-03-09 23:41:48.638+07,31,95,38,6,Весенний,2025
848,5,2025-02-20,2,2025-06-12,2025-03-09 23:42:05.783+07,2025-03-09 23:42:05.783+07,31,95,39,6,Весенний,2025
849,5,2025-02-20,2,2025-06-12,2025-03-09 23:42:39.86+07,2025-03-09 23:42:39.86+07,31,95,40,6,Весенний,2025
850,5,2025-02-20,2,2025-06-12,2025-03-09 23:43:00.772+07,2025-03-09 23:43:00.772+07,52,95,38,6,Весенний,2025
851,5,2025-02-20,2,2025-06-12,2025-03-09 23:43:20.207+07,2025-03-09 23:43:20.207+07,52,95,40,6,Весенний,2025
852,5,2025-02-20,2,2025-06-12,2025-03-09 23:43:47.278+07,2025-03-09 23:43:47.278+07,52,95,39,6,Весенний,2025
853,6,2025-02-20,2,2025-06-12,2025-03-09 23:44:29.164+07,2025-03-09 23:44:29.164+07,16,88,38,6,Весенний,2025
854,6,2025-02-20,2,2025-06-12,2025-03-09 23:44:57.134+07,2025-03-09 23:44:57.134+07,16,88,39,6,Весенний,2025
855,6,2025-02-20,2,2025-06-12,2025-03-09 23:45:17.4+07,2025-03-09 23:45:17.4+07,16,88,40,6,Весенний,2025
856,6,2025-02-20,2,2025-06-12,2025-03-09 23:45:46.865+07,2025-03-09 23:45:46.865+07,31,88,38,6,Весенний,2025
857,6,2025-02-20,2,2025-06-12,2025-03-09 23:46:18.52+07,2025-03-09 23:46:18.52+07,31,88,39,6,Весенний,2025
858,6,2025-02-20,2,2025-06-12,2025-03-09 23:46:34.016+07,2025-03-09 23:46:34.016+07,31,88,40,6,Весенний,2025
859,3,2025-02-21,2,2025-04-18,2025-03-09 23:49:03.636+07,2025-03-09 23:49:03.636+07,52,93,39,6,Весенний,2025
860,3,2025-02-21,2,2025-04-18,2025-03-09 23:49:32.528+07,2025-03-09 23:49:32.528+07,52,93,40,6,Весенний,2025
861,4,2025-02-21,2,2025-06-20,2025-03-09 23:50:22.931+07,2025-03-09 23:50:22.931+07,52,93,39,6,Весенний,2025
862,4,2025-02-21,2,2025-06-20,2025-03-09 23:50:40.051+07,2025-03-09 23:50:40.051+07,52,93,40,6,Весенний,2025
864,5,2025-02-21,2,2025-06-20,2025-03-09 23:52:40.173+07,2025-03-09 23:53:13.645+07,31,89,40,6,Весенний,2025
863,5,2025-02-21,2,2025-06-20,2025-03-09 23:51:58.537+07,2025-03-09 23:53:19.421+07,31,89,39,6,Весенний,2025
865,2,2025-02-22,2,2025-06-14,2025-03-09 23:54:44.549+07,2025-03-09 23:54:44.549+07,89,11,36,6,Весенний,2025
866,3,2025-02-22,2,2025-06-14,2025-03-09 23:55:07.792+07,2025-03-09 23:55:07.792+07,89,11,32,6,Весенний,2025
867,4,2025-02-22,2,2025-06-14,2025-03-09 23:55:27.02+07,2025-03-09 23:55:27.02+07,89,11,33,6,Весенний,2025
868,2,2025-02-14,2,2025-05-09,2025-03-09 23:58:03.866+07,2025-03-09 23:58:03.866+07,23,67,16,3,Весенний,2025
869,2,2025-02-14,2,2025-05-09,2025-03-09 23:58:27.558+07,2025-03-09 23:58:27.558+07,131,67,16,3,Весенний,2025
870,2,2025-02-14,2,2025-05-09,2025-03-09 23:58:42.529+07,2025-03-09 23:58:42.529+07,131,67,17,3,Весенний,2025
871,2,2025-02-14,2,2025-05-09,2025-03-09 23:59:20.585+07,2025-03-09 23:59:20.585+07,23,67,17,3,Весенний,2025
872,3,2025-02-14,2,2025-03-28,2025-03-10 00:01:34.483+07,2025-03-10 00:02:57.341+07,23,67,16,3,Весенний,2025
873,3,2025-02-14,2,2025-03-28,2025-03-10 00:02:07.461+07,2025-03-10 00:03:05.149+07,23,67,17,3,Весенний,2025
874,3,2025-02-14,2,2025-03-28,2025-03-10 00:02:25.038+07,2025-03-10 00:03:10.292+07,131,67,16,3,Весенний,2025
875,3,2025-02-14,2,2025-03-28,2025-03-10 00:02:38.241+07,2025-03-10 00:03:13.542+07,131,67,17,3,Весенний,2025
876,3,2025-02-18,2,2025-05-13,2025-03-10 00:04:12.885+07,2025-03-10 00:04:12.885+07,45,31,16,7,Весенний,2025
877,3,2025-02-18,2,2025-05-13,2025-03-10 00:04:38.667+07,2025-03-10 00:04:38.667+07,120,31,16,7,Весенний,2025
878,4,2025-02-18,2,2025-05-13,2025-03-10 00:05:09.519+07,2025-03-10 00:05:09.519+07,45,31,17,7,Весенний,2025
879,4,2025-02-18,2,2025-05-13,2025-03-10 00:05:26.433+07,2025-03-10 00:05:26.433+07,120,31,17,7,Весенний,2025
880,3,2025-02-15,2,2025-06-07,2025-03-10 00:06:32.163+07,2025-03-10 00:06:32.163+07,26,8,41,3,Весенний,2025
881,4,2025-02-15,2,2025-06-07,2025-03-10 00:06:51.67+07,2025-03-10 00:07:16.853+07,26,8,43,3,Весенний,2025
882,2,2025-02-12,1,2025-04-02,2025-03-10 00:08:17.425+07,2025-03-10 00:08:17.425+07,103,42,20,7,Весенний,2025
883,2,2025-02-10,2,2025-06-02,2025-03-10 00:10:57.411+07,2025-03-10 00:10:57.411+07,2,1,8,1,Весенний,2025
884,3,2025-02-19,2,2025-03-19,2025-03-10 00:11:01.248+07,2025-03-10 00:11:01.248+07,103,42,20,7,Весенний,2025
885,2,2025-02-10,2,2025-06-02,2025-03-10 00:11:17.24+07,2025-03-10 00:11:17.24+07,94,1,8,1,Весенний,2025
886,4,2025-02-10,2,2025-06-02,2025-03-10 00:12:24.214+07,2025-03-10 00:12:24.214+07,2,1,2,1,Весенний,2025
887,4,2025-02-19,1,2025-03-19,2025-03-10 00:12:32.946+07,2025-03-10 00:12:32.946+07,103,42,18,7,Весенний,2025
888,4,2025-02-10,2,2025-06-02,2025-03-10 00:12:52.841+07,2025-03-10 00:12:52.841+07,94,1,2,1,Весенний,2025
889,3,2025-02-12,2,2025-03-26,2025-03-10 00:13:23.849+07,2025-03-10 00:13:23.849+07,103,42,18,7,Весенний,2025
890,5,2025-02-10,2,2025-06-02,2025-03-10 00:13:30.172+07,2025-03-10 00:13:30.172+07,2,1,1,1,Весенний,2025
891,5,2025-02-10,2,2025-06-02,2025-03-10 00:14:04.214+07,2025-03-10 00:14:04.214+07,94,1,1,1,Весенний,2025
892,4,2025-02-20,2,2025-06-12,2025-03-10 00:16:45.129+07,2025-03-10 00:16:45.129+07,31,96,38,7,Весенний,2025
893,1,2025-02-11,2,2025-06-03,2025-03-10 00:17:08.673+07,2025-03-10 00:17:08.673+07,26,2,43,1,Весенний,2025
894,4,2025-02-20,2,2025-06-12,2025-03-10 00:17:10.488+07,2025-03-10 00:17:10.488+07,31,96,39,7,Весенний,2025
896,4,2025-02-20,2,2025-06-12,2025-03-10 00:17:30.556+07,2025-03-10 00:17:30.556+07,31,96,40,7,Весенний,2025
895,2,2025-02-11,2,2025-06-03,2025-03-10 00:17:29.905+07,2025-03-10 00:17:46.871+07,26,2,41,1,Весенний,2025
897,4,2025-02-20,2,2025-06-12,2025-03-10 00:17:51.371+07,2025-03-10 00:17:51.371+07,89,96,38,7,Весенний,2025
898,4,2025-02-20,2,2025-06-12,2025-03-10 00:18:09.562+07,2025-03-10 00:18:09.562+07,89,96,39,7,Весенний,2025
899,4,2025-02-20,2,2025-06-12,2025-03-10 00:18:27.793+07,2025-03-10 00:18:27.793+07,89,96,40,7,Весенний,2025
900,3,2025-02-11,2,2025-06-03,2025-03-10 00:18:51.903+07,2025-03-10 00:18:51.903+07,26,2,42,1,Весенний,2025
905,5,2025-02-20,2,2025-06-12,2025-03-10 00:20:12.233+07,2025-03-10 00:20:12.233+07,52,95,39,7,Весенний,2025
906,5,2025-02-20,2,2025-06-12,2025-03-10 00:20:26.553+07,2025-03-10 00:20:26.553+07,52,95,40,7,Весенний,2025
904,5,2025-02-20,2,2025-06-12,2025-03-10 00:19:51.614+07,2025-03-10 00:20:42.314+07,52,95,38,7,Весенний,2025
907,1,2025-02-12,2,2025-06-04,2025-03-10 00:20:56.497+07,2025-03-10 00:20:56.497+07,4,100,10,1,Весенний,2025
901,5,2025-02-20,2,2025-06-12,2025-03-10 00:18:52.964+07,2025-03-10 00:21:01.236+07,31,95,38,7,Весенний,2025
902,5,2025-02-20,2,2025-06-12,2025-03-10 00:19:08.838+07,2025-03-10 00:21:09.149+07,31,95,40,7,Весенний,2025
903,5,2025-02-20,2,2025-06-12,2025-03-10 00:19:36.448+07,2025-03-10 00:21:21.88+07,31,95,39,7,Весенний,2025
908,2,2025-02-12,2,2025-06-04,2025-03-10 00:21:48.666+07,2025-03-10 00:21:48.666+07,55,100,11,1,Весенний,2025
909,6,2025-02-20,2,2025-06-12,2025-03-10 00:22:19.055+07,2025-03-10 00:22:19.055+07,16,88,38,7,Весенний,2025
910,3,2025-02-12,2,2025-06-04,2025-03-10 00:22:19.984+07,2025-03-10 00:22:19.984+07,26,27,15,1,Весенний,2025
911,6,2025-02-20,2,2025-06-12,2025-03-10 00:22:37.848+07,2025-03-10 00:22:37.848+07,16,88,39,7,Весенний,2025
912,4,2025-02-12,2,2025-06-04,2025-03-10 00:22:41.112+07,2025-03-10 00:22:41.112+07,26,27,13,1,Весенний,2025
913,6,2025-02-20,2,2025-06-12,2025-03-10 00:22:53.901+07,2025-03-10 00:22:53.901+07,16,88,40,7,Весенний,2025
914,6,2025-02-20,2,2025-06-12,2025-03-10 00:23:08.904+07,2025-03-10 00:23:08.904+07,31,88,38,7,Весенний,2025
915,6,2025-02-20,2,2025-06-12,2025-03-10 00:23:28.807+07,2025-03-10 00:23:28.807+07,31,88,39,7,Весенний,2025
916,6,2025-02-20,2,2025-06-12,2025-03-10 00:23:43.21+07,2025-03-10 00:23:43.21+07,31,88,40,7,Весенний,2025
917,3,2025-02-22,2,2025-05-17,2025-03-10 00:25:57.854+07,2025-03-10 00:25:57.854+07,5,32,16,7,Весенний,2025
918,4,2025-02-22,2,2025-05-17,2025-03-10 00:26:23.964+07,2025-03-10 00:26:23.964+07,5,32,16,7,Весенний,2025
919,3,2025-02-13,2,2025-03-27,2025-03-10 00:28:08.223+07,2025-03-10 00:28:08.223+07,103,43,21,1,Весенний,2025
920,4,2025-02-13,2,2025-03-27,2025-03-10 00:28:42.225+07,2025-03-10 00:28:42.225+07,103,43,19,1,Весенний,2025
921,2,2025-02-14,2,2025-06-06,2025-03-10 00:29:55.931+07,2025-03-10 00:29:55.931+07,3,2,42,1,Весенний,2025
922,3,2025-02-14,2,2025-06-06,2025-03-10 00:30:38.412+07,2025-03-10 00:30:38.412+07,94,25,13,1,Весенний,2025
923,3,2025-02-14,2,2025-06-06,2025-03-10 00:30:59.145+07,2025-03-10 00:30:59.145+07,99,25,13,1,Весенний,2025
924,4,2025-02-14,2,2025-06-06,2025-03-10 00:31:15.667+07,2025-03-10 00:32:08.027+07,94,25,15,1,Весенний,2025
925,4,2025-02-14,2,2025-06-06,2025-03-10 00:31:34.326+07,2025-03-10 00:32:10.801+07,99,25,15,1,Весенний,2025
926,6,2025-02-14,1,2025-03-21,2025-03-10 00:34:01.317+07,2025-03-10 00:34:01.317+07,82,48,20,1,Весенний,2025
927,2,2025-02-10,2,2025-03-10,2025-03-10 00:35:55.681+07,2025-03-10 00:35:55.681+07,26,30,18,7,Весенний,2025
928,3,2025-02-10,2,2025-03-10,2025-03-10 00:36:42.263+07,2025-03-10 00:36:42.263+07,26,30,20,7,Весенний,2025
929,2,2025-02-10,2,2025-03-10,2025-03-10 00:37:16.17+07,2025-03-10 00:37:47.231+07,82,48,20,8,Весенний,2025
930,4,2025-02-10,2,2025-06-02,2025-03-10 00:39:16.005+07,2025-03-10 00:39:16.005+07,55,18,1,8,Весенний,2025
931,5,2025-02-24,4,2025-05-19,2025-03-10 00:39:17.136+07,2025-03-10 00:39:17.136+07,55,23,10,7,Весенний,2025
933,5,2025-02-10,2,2025-06-02,2025-03-10 00:40:25.321+07,2025-03-10 00:40:25.321+07,77,28,12,8,Весенний,2025
934,5,2025-02-10,2,2025-06-02,2025-03-10 00:40:45.721+07,2025-03-10 00:40:45.721+07,77,28,13,8,Весенний,2025
935,6,2025-02-10,2,2025-06-02,2025-03-10 00:41:11.273+07,2025-03-10 00:41:11.273+07,77,28,15,8,Весенний,2025
932,5,2025-03-10,4,2025-06-02,2025-03-10 00:40:09.551+07,2025-03-10 00:41:24.457+07,55,23,11,7,Весенний,2025
936,1,2025-02-12,2,2025-06-04,2025-03-10 00:42:11.392+07,2025-03-10 00:42:11.392+07,94,25,11,8,Весенний,2025
937,2,2025-02-11,2,2025-06-03,2025-03-10 00:42:53.906+07,2025-03-10 00:42:53.906+07,64,17,2,7,Весенний,2025
938,3,2025-02-11,2,2025-06-03,2025-03-10 00:43:22.513+07,2025-03-10 00:43:22.513+07,64,17,3,7,Весенний,2025
939,5,2025-02-11,2,2025-06-03,2025-03-10 00:43:51.447+07,2025-03-10 00:43:51.447+07,64,17,1,7,Весенний,2025
940,1,2025-02-12,2,2025-06-04,2025-03-10 00:44:44.212+07,2025-03-10 00:44:44.212+07,99,25,11,8,Весенний,2025
941,2,2025-02-12,2,2025-06-04,2025-03-10 00:45:52.365+07,2025-03-10 00:45:52.365+07,94,25,10,8,Весенний,2025
942,2,2025-02-12,2,2025-06-04,2025-03-10 00:46:12.23+07,2025-03-10 00:46:12.23+07,99,25,10,8,Весенний,2025
943,4,2025-02-14,1,2025-03-21,2025-03-10 00:46:15.515+07,2025-03-10 00:46:15.515+07,82,48,18,7,Весенний,2025
944,3,2025-02-12,2,2025-06-04,2025-03-10 00:46:41.676+07,2025-03-10 00:46:41.676+07,109,24,14,8,Весенний,2025
945,4,2025-02-12,2,2025-06-04,2025-03-10 00:48:04.293+07,2025-03-10 00:48:04.293+07,109,24,12,8,Весенний,2025
946,1,2025-04-24,2,2025-06-06,2025-03-10 00:50:31.537+07,2025-03-10 00:50:31.537+07,60,24,10,8,Весенний,2025
947,3,2025-04-24,2,2025-06-06,2025-03-10 00:50:59.117+07,2025-03-10 00:50:59.117+07,60,24,11,8,Весенний,2025
948,1,2025-02-14,2,2025-04-11,2025-03-10 00:57:52.125+07,2025-03-10 00:58:13.4+07,60,93,38,8,Весенний,2025
949,2,2025-02-14,2,2025-06-06,2025-03-10 00:59:29.189+07,2025-03-10 00:59:29.189+07,60,93,38,8,Весенний,2025
950,3,2025-02-14,2,2025-06-06,2025-03-10 00:59:56.371+07,2025-03-10 00:59:56.371+07,60,24,15,8,Весенний,2025
951,4,2025-02-14,2,2025-06-06,2025-03-10 01:00:22.628+07,2025-03-10 01:00:22.628+07,60,24,13,8,Весенний,2025
952,2,2025-02-15,2,2025-06-07,2025-03-10 01:03:21.328+07,2025-03-10 01:03:21.328+07,109,9,36,8,Весенний,2025
953,3,2025-02-15,2,2025-06-07,2025-03-10 01:03:47.693+07,2025-03-10 01:03:47.693+07,109,9,35,8,Весенний,2025
954,4,2025-02-15,2,2025-06-07,2025-03-10 01:04:06.156+07,2025-03-10 01:04:06.156+07,109,9,34,8,Весенний,2025
955,1,2025-02-26,2,2025-06-04,2025-03-10 01:07:57.647+07,2025-03-10 01:07:57.647+07,42,7,2,9,Весенний,2025
956,2,2025-02-26,1,2025-06-04,2025-03-10 01:08:36.655+07,2025-03-10 01:08:36.655+07,42,7,3,9,Весенний,2025
957,3,2025-02-26,1,2025-06-04,2025-03-10 01:09:16.485+07,2025-03-10 01:09:16.485+07,42,7,1,9,Весенний,2025
984,4,2025-02-13,2,2025-06-12,2025-03-10 01:36:27.659+07,2025-03-10 01:36:27.659+07,31,96,38,6,Весенний,2025
959,3,2025-02-13,2,2025-06-12,2025-03-10 01:13:49.031+07,2025-03-10 01:13:49.031+07,90,7,4,9,Весенний,2025
958,2,2025-02-13,2,2025-06-05,2025-03-10 01:12:09.978+07,2025-03-10 01:14:09.51+07,90,7,5,9,Весенний,2025
960,3,2025-03-13,2,2025-06-12,2025-03-10 01:14:48.186+07,2025-03-10 01:14:48.186+07,90,7,7,9,Весенний,2025
961,3,2025-03-13,2,2025-06-12,2025-03-10 01:15:11.179+07,2025-03-10 01:15:11.179+07,90,7,6,9,Весенний,2025
962,1,2025-03-14,2,2025-06-13,2025-03-10 01:16:06.603+07,2025-03-10 01:16:06.603+07,123,3,32,9,Весенний,2025
964,3,2025-03-14,2,2025-06-13,2025-03-10 01:16:56.561+07,2025-03-10 01:16:56.561+07,123,3,41,9,Весенний,2025
963,2,2025-03-14,2,2025-06-13,2025-03-10 01:16:32.9+07,2025-03-10 01:17:06.791+07,123,3,43,9,Весенний,2025
965,2,2025-02-15,1,2025-04-12,2025-03-10 01:18:39.17+07,2025-03-10 01:18:39.17+07,90,64,4,9,Весенний,2025
966,2,2025-02-15,1,2025-04-12,2025-03-10 01:18:56.879+07,2025-03-10 01:18:56.879+07,90,64,5,9,Весенний,2025
967,2,2025-02-15,1,2025-04-12,2025-03-10 01:19:17.34+07,2025-03-10 01:19:17.34+07,89,64,6,9,Весенний,2025
968,2,2025-02-15,1,2025-04-12,2025-03-10 01:19:37.567+07,2025-03-10 01:19:37.567+07,90,64,7,9,Весенний,2025
969,2,2025-02-15,1,2025-04-12,2025-03-10 01:19:56.625+07,2025-03-10 01:19:56.625+07,90,64,8,9,Весенний,2025
970,3,2025-02-15,1,2025-04-12,2025-03-10 01:20:10.791+07,2025-03-10 01:20:10.791+07,90,64,4,9,Весенний,2025
971,3,2025-02-15,1,2025-04-12,2025-03-10 01:20:29.468+07,2025-03-10 01:20:29.468+07,90,64,6,9,Весенний,2025
972,3,2025-02-15,1,2025-04-12,2025-03-10 01:20:54.462+07,2025-03-10 01:20:54.462+07,90,64,5,9,Весенний,2025
973,3,2025-02-15,1,2025-04-12,2025-03-10 01:21:08.8+07,2025-03-10 01:21:08.8+07,90,64,7,9,Весенний,2025
974,3,2025-02-15,1,2025-04-12,2025-03-10 01:21:23.694+07,2025-03-10 01:21:23.694+07,90,64,8,9,Весенний,2025
975,3,2025-02-10,2,2025-06-02,2025-03-10 01:27:28.297+07,2025-03-10 01:27:28.297+07,119,21,12,6,Весенний,2025
976,3,2025-02-10,2,2025-06-02,2025-03-10 01:27:50.516+07,2025-03-10 01:27:50.516+07,119,21,13,6,Весенний,2025
977,3,2025-02-10,2,2025-06-02,2025-03-10 01:28:06.102+07,2025-03-10 01:28:06.102+07,119,21,14,6,Весенний,2025
978,3,2025-02-10,2,2025-06-02,2025-03-10 01:28:20.831+07,2025-03-10 01:28:20.831+07,119,21,15,9,Весенний,2025
979,3,2025-02-11,1,2025-05-13,2025-03-10 01:30:26.933+07,2025-03-10 01:30:26.933+07,26,30,17,6,Весенний,2025
980,3,2025-02-11,1,2025-05-13,2025-03-10 01:30:44.648+07,2025-03-10 01:30:44.648+07,26,30,16,6,Весенний,2025
981,2,2025-02-12,2,2025-03-26,2025-03-10 01:32:59.633+07,2025-03-10 01:32:59.633+07,89,42,19,6,Весенний,2025
983,4,2025-02-12,2,2025-03-26,2025-03-10 01:33:54.249+07,2025-03-10 01:33:54.249+07,89,42,21,6,Весенний,2025
982,3,2025-02-12,2,2025-03-26,2025-03-10 01:33:23.1+07,2025-03-10 01:34:01.102+07,89,42,21,6,Весенний,2025
985,4,2025-02-13,2,2025-06-12,2025-03-10 01:36:44.954+07,2025-03-10 01:36:44.954+07,31,96,39,6,Весенний,2025
986,4,2025-02-13,2,2025-06-12,2025-03-10 01:37:12.682+07,2025-03-10 01:37:12.682+07,31,96,40,6,Весенний,2025
987,4,2025-02-13,2,2025-06-12,2025-03-10 01:37:45.682+07,2025-03-10 01:37:45.682+07,89,96,38,6,Весенний,2025
988,4,2025-02-13,2,2025-06-12,2025-03-10 01:38:00.23+07,2025-03-10 01:38:00.23+07,89,96,39,6,Весенний,2025
989,4,2025-02-13,2,2025-06-12,2025-03-10 01:38:17.625+07,2025-03-10 01:38:17.625+07,89,96,40,6,Весенний,2025
990,5,2025-02-13,2,2025-06-12,2025-03-10 01:39:09.78+07,2025-03-10 01:39:09.78+07,31,95,38,6,Весенний,2025
991,5,2025-02-13,2,2025-06-12,2025-03-10 01:39:26.104+07,2025-03-10 01:39:26.104+07,31,95,39,6,Весенний,2025
992,5,2025-02-13,2,2025-06-12,2025-03-10 01:39:44.251+07,2025-03-10 01:39:44.251+07,31,95,40,6,Весенний,2025
993,5,2025-02-13,2,2025-06-12,2025-03-10 01:40:18.474+07,2025-03-10 01:40:18.474+07,52,95,38,6,Весенний,2025
994,5,2025-02-13,2,2025-06-12,2025-03-10 01:40:45.609+07,2025-03-10 01:40:45.609+07,55,95,39,6,Весенний,2025
995,5,2025-02-13,2,2025-06-12,2025-03-10 01:41:02.669+07,2025-03-10 01:41:02.669+07,52,95,40,6,Весенний,2025
996,6,2025-02-13,2,2025-06-12,2025-03-10 01:41:31.339+07,2025-03-10 01:41:31.339+07,31,88,38,6,Весенний,2025
997,6,2025-02-13,2,2025-06-12,2025-03-10 01:41:46.194+07,2025-03-10 01:41:46.194+07,31,88,39,6,Весенний,2025
998,6,2025-02-13,2,2025-06-12,2025-03-10 01:42:07.213+07,2025-03-10 01:42:07.213+07,31,88,40,6,Весенний,2025
999,6,2025-02-13,2,2025-06-12,2025-03-10 01:42:34.689+07,2025-03-10 01:42:34.689+07,16,88,38,6,Весенний,2025
1000,6,2025-02-13,2,2025-06-12,2025-03-10 01:42:50.176+07,2025-03-10 01:42:50.176+07,16,88,40,6,Весенний,2025
1001,6,2025-02-13,2,2025-06-12,2025-03-10 01:43:10.418+07,2025-03-10 01:43:10.418+07,16,88,39,6,Весенний,2025
1002,2,2025-02-14,2,2025-06-13,2025-03-10 01:44:03.583+07,2025-03-10 01:44:03.583+07,107,90,37,6,Весенний,2025
1003,3,2025-02-14,2,2025-06-13,2025-03-10 01:44:25.99+07,2025-03-10 01:44:25.99+07,107,90,37,6,Весенний,2025
1004,4,2025-02-14,2,2025-03-28,2025-03-10 01:45:12.693+07,2025-03-10 01:45:12.693+07,52,93,39,6,Весенний,2025
1005,5,2025-02-14,2,2025-03-28,2025-03-10 01:46:01.466+07,2025-03-10 01:46:01.466+07,31,89,39,6,Весенний,2025
1006,5,2025-02-14,2,2025-03-28,2025-03-10 01:46:24.363+07,2025-03-10 01:46:24.363+07,31,89,40,6,Весенний,2025
1007,2,2025-02-14,2,2025-05-10,2025-03-10 01:47:16.606+07,2025-03-10 01:47:16.606+07,5,32,17,6,Весенний,2025
1008,3,2025-02-14,2,2025-05-10,2025-03-10 01:47:37.74+07,2025-03-10 01:47:37.74+07,5,32,17,6,Весенний,2025
1009,4,2025-02-14,2,2025-06-14,2025-03-10 01:48:16.244+07,2025-03-10 01:49:37.727+07,5,94,37,6,Весенний,2025
1010,4,2025-02-14,2,2025-06-14,2025-03-10 01:48:35.345+07,2025-03-10 01:49:45.499+07,99,94,37,6,Весенний,2025
1011,5,2025-02-14,2,2025-06-14,2025-03-10 01:49:09.731+07,2025-03-10 01:49:53.479+07,5,94,37,6,Весенний,2025
1012,5,2025-02-15,2,2025-06-14,2025-03-10 01:50:41.092+07,2025-03-10 01:50:41.092+07,99,94,37,6,Весенний,2025
1013,1,2025-02-10,2,2025-06-02,2025-03-10 01:56:18.158+07,2025-03-10 01:56:18.158+07,45,121,37,6,Весенний,2025
1014,2,2025-02-10,2,2025-06-02,2025-03-10 01:56:45.222+07,2025-03-10 01:56:45.222+07,45,121,37,6,Весенний,2025
